form	lemma	POS	morph
༄༅། །		PUNCT
མ་འོངས་	མ་འོངས་	NOUN
ལུང་བསྟན་	ལུང་བསྟན་	NOUN
གསལ་བྱེད་	གསལ་བྱེད་	NOUN
སྒྲོན་མེ་	སྒྲོན་མེ་	NOUN
ཞེ་	ཅེས་	PART
བྱ་བ་	བྱ་བ་	VERB
བཞུགས་	བཞུགས་	VERB
སོ་	གོ་	PART
། །		PUNCT
དཀོན་མཆོག་	དཀོན་མཆོག་	NOUN
གསུམ་	གསུམ་	NUM
ལ་	ལ་	PART
ཕྱག་	ཕྱག་	NOUN
འཚལ་	འཚལ་	VERB
ལོ་	གོ་	PART
། །		PUNCT
བཅོམ་ལྡན་འདས་	བཅོམ་ལྡན་འདས་	NOUN
ཀྱིས་	གིས་	PART
དུས་	དུས་	NOUN
ངན་	ངན་	VERB
བསྐལ་པ་	བསྐལ་པ་	NOUN
འི་	གི་	PART
དུས་	དུས་	NOUN
།		PUNCT
དེ་	སྟེ་	PART
ལ་	ལ་	PART
ཕན་པ་	ཕན་པ་	VERB
འི་	གི་	PART
ཡི་གེ་	ཡི་གེ་	NOUN
གསུངས་པ་	གསུངས་པ་	VERB
ནི་	ནི་	NO_POS
།		PUNCT
ཆོ་	ཆོ་	NOUN
ཞེ་	ཅེས་	PART
བྱ་བ་	བྱ་བ་	VERB
འི་	གི་	PART
ཚད་	ཚད་	NOUN
ནི་	ནི་	NO_POS
ལམ་	གམ་	PART
དང་	དང་	NO_POS
འདྲ་	འདྲ་	VERB
འོ་	གོ་	PART
། །		PUNCT
དེ་	སྟེ་	PART
ཅིའི་ཕྱིར་	ཅིའི་ཕྱིར་	NO_POS
ཞེ་ན་	ཅེ་ན་	PART
།		PUNCT
ལམ་	གམ་	PART
འདི་	འདི་	DET
ལ་	ལ་	PART
སྐྱེ་འགྲོ་	སྐྱེ་འགྲོ་	NOUN
སེམས་ཅན་	སེམས་ཅན་	NOUN
ཐམས་ཅད་	ཐམས་ཅད་	DET
འགྲོ་	འགྲོ་	VERB
འོ་	གོ་	PART
"།
།"		PUNCT
དེ་	དེ་	DET
འི་	གི་	PART
ཕྱི་	ཕྱི་	OTHER
ཆོ་	ཆོ་	NOUN
འདི་	འདི་	DET
ལམ་	གམ་	PART
དང་	དང་	NO_POS
འདྲ་	འདྲ་	VERB
ཞེ་	ཅེས་	PART
བྱ་	བྱ་	VERB
འོ་	གོ་	PART
། །		PUNCT
བཅོམ་ལྡན་འདས་	བཅོམ་ལྡན་འདས་	NOUN
བྱང་ཆུབ་	བྱང་ཆུབ་	NOUN
ཤིང་	ཅིང་	PART
དྲུང་	དྲུང་	NOUN
ན་	ལ་	PART
བཞུགས་པ་	བཞུགས་པ་	VERB
འི་	གི་	PART
དུས་	དུས་	NOUN
།		PUNCT
འཛམ་བུ་	འཛམ་བུ་	NOUN
འི་	གི་	PART
གླིང་	གླིང་	NOUN
གི་	གི་	PART
སྐྱེ་འགྲོ་	སྐྱེ་འགྲོ་	NOUN
སེམས་ཅན་	སེམས་ཅན་	NOUN
ཐམས་ཅད་	ཐམས་ཅད་	DET
ལ་	ལ་	PART
གཟིགས་	གཟིགས་	VERB
ན་	ནས་	PART
།		PUNCT
ལྔ་	ལྔ་	NUM
བརྒྱ་	བརྒྱ་	NUM
དུས་	དུས་	NOUN
ཀྱི་	གི་	PART
ཐ་མ་	ཐ་མ་	ADJ
ལ་	ལ་	PART
། །		PUNCT
དུས་	དུས་	NOUN
ངན་	ངན་	VERB
བསྐལ་པ་	བསྐལ་པ་	NOUN
འབྱུང་བ་	འབྱུང་བ་	VERB
འི་	གི་	PART
དུས་	དུས་	NOUN
"།
།"		PUNCT
སྐྱེ་འགྲོ་	སྐྱེ་འགྲོ་	NOUN
ཀུན་	ཀུན་	DET
གྱི་	གི་	PART
བྱ་བ་	བྱ་བ་	VERB
རྟོག་པ་	རྟོག་པ་	VERB
ནི་	ནི་	NO_POS
།		PUNCT
རྣམ་པ་	རྣམ་པ་	NOUN
ར་	ལ་	PART
དག་པ་	དག་པ་	VERB
བཅུ་	བཅུ་	NUM
འི་	གི་	PART
སྒོ་	སྒོ་	NOUN
ན་	ནས་	PART
ཡི་གེ་	ཡི་གེ་	NOUN
འདི་	འདི་	DET
དང་	དང་	NO_POS
འཕྲད་པ་	འཕྲད་པ་	VERB
འི་	གི་	PART
མི་	མི་	PART
རྣམས་	རྣམས་	DET
བསོད་ནམས་	བསོད་ནམས་	NOUN
ཆེ་	ཆེ་	VERB
འོ་	གོ་	PART
"།
།"		PUNCT
ཆོ་	ཆོ་	NOUN
འདི་	འདི་	DET
དང་	དང་	NO_POS
མ་	མ་	PART
འཕྲད་པ་	འཕྲད་པ་	VERB
འི་	གི་	PART
མི་	མི་	PART
རྣམས་	རྣམས་	DET
ནི་	ནི་	NO_POS
བསོད་ནམས་	བསོད་ནམས་	NOUN
ཆུང་བ་	ཆུང་བ་	VERB
དང་	དང་	NO_POS
ཉོན་མོངས་པ་	ཉོན་མོངས་པ་	NOUN
ས་	གིས་	PART
སྡུག་བསྔལ་	སྡུག་བསྔལ་	NOUN
ཤིན་ཏུ་	ཤིན་ཏུ་	NO_POS
ཆེ་	ཆེ་	VERB
འོ་	གོ་	PART
"།
།"		PUNCT
ས་སྟེང་	ས་སྟེང་	NOUN
གི་	གི་	PART
མི་	མི་	PART
རྣམས་	རྣམས་	DET
ནི་	ནི་	NO_POS
མཚོན་ཆ་	མཚོན་ཆ་	NOUN
འི་	གི་	PART
འོག་	འོག་	NOUN
ཏུ་	ལ་	PART
གཏུབ་པ་	གཏུབ་པ་	VERB
དང་	དང་	NO_POS
འདྲ་བ་	འདྲ་བ་	VERB
ར་	ལ་	PART
སྣང་	སྣང་	VERB
།		PUNCT
དེ་ནས་	དེ་ནས་	NO_POS
ཚེ་	ཚེ་	NOUN
དང་	དང་	NO_POS
ལྡན་པ་	ལྡན་པ་	VERB
ཀུན་དགའ་	ཀུན་དགའ་	PROPN
བོ་	བོ་	VERB
བཅོམ་ལྡན་འདས་	བཅོམ་ལྡན་འདས་	NOUN
ལ་	ལ་	PART
ཞུས་པ་	ཞུས་པ་	VERB
།		PUNCT
བཅོམ་ལྡན་འདས་	བཅོམ་ལྡན་འདས་	NOUN
ཁྱོད་	ཁྱོད་	PRON
ཀྱིས་	གིས་	PART
མི་	མི་	PART
རྣམས་	རྣམས་	DET
སྙིང་	སྙིང་	NOUN
རེ་	རེ་	DET
རྗེ་	རྗེ་	NO_POS
དགོངས་པ་	དགོངས་པ་	VERB
འི་	གི་	PART
དོན་	དོན་	NOUN
དུ་	ལ་	PART
སྡུག་བསྔལ་	སྡུག་བསྔལ་	NOUN
འདི་	འདི་	DET
ལ་	ལ་	ADP
ས་	གིས་	PART
ཐར་བ་	ཐར་བ་	VERB
ར་	ལ་	PART
མཛད་	མཛད་	VERB
དུ་	ལ་	PART
གསོལ་	གསོལ་	VERB
།		PUNCT
ཞེ་	ཅེས་	PART
ཞུས་པ་	ཞུས་པ་	VERB
ས་	གིས་	PART
།		PUNCT
བཅོམ་ལྡན་འདས་	བཅོམ་ལྡན་འདས་	NOUN
ཀྱིས་	གིས་	PART
ཚེ་	ཚེ་	NOUN
དང་	དང་	NO_POS
ལྡན་པ་	ལྡན་པ་	VERB
ཀུན་དགའ་བོ་	ཀུན་དགའ་བོ་	PROPN
ལ་	ལ་	PART
བཀའ་	བཀའ་	NOUN
སྩལ་པ་	སྩལ་པ་	VERB
།		PUNCT
ང་	ང་	OTHER
ཁྱོད་	ཁྱོད་	PRON
ལ་	ལ་	PART
བཤད་	བཤད་	VERB
དོ་	གོ་	PART
། །		PUNCT
ང་	ང་	PRON
ནམ་མཁ་	ནམ་མཁའ་	NOUN
འི་	གི་	PART
དབྱིངས་	དབྱིངས་	NOUN
ན་	ལ་	PART
བཞུགས་པ་	བཞུགས་པ་	VERB
ཡིན་	ཡིན་	NO_POS
།		PUNCT
འཛམ་བུ་	འཛམ་བུ་	NOUN
འི་	གི་	PART
གླིང་	གླིང་	NOUN
གི་	གི་	PART
སྐྱེ་འགྲོ་	སྐྱེ་འགྲོ་	NOUN
རྣམས་	རྣམས་	DET
ལ་	ལ་	PART
ང་	ང་	OTHER
གཟིགས་པ་	གཟིགས་པ་	VERB
ར་	ལ་	PART
དགོངས་པ་	དགོངས་པ་	VERB
ཡིན་	ཡིན་	NO_POS
།		PUNCT
ཁྱེད་	ཁྱེད་	PRON
རྣམས་	རྣམས་	DET
ང་	ང་	PRON
ཡི་	གི་	PART
བཀའ་	བཀའ་	NOUN
ལ་	ལ་	PART
ཉོན་	ཉོན་	VERB
།		PUNCT
ཆོ་	ཆོ་	NOUN
ཀྱི་	གི་	PART
ཡི་གེ་	ཡི་གེ་	NOUN
འདི་དུས་	འདི་དུས་	NO_POS
ངན་	ངན་	VERB
བསྐལ་པ་	བསྐལ་པ་	NOUN
འབྱུང་བ་	འབྱུང་བ་	VERB
འི་	གི་	PART
དུས་	དུས་	NOUN
སུ་	ལ་	PART
ཕན་པ་	ཕན་པ་	VERB
འི་	གི་	PART
ཆོ་	ཆོ་	NOUN
ཡིན་	ཡིན་	NO_POS
ནོ་	གོ་	PART
། །		PUNCT
འདི་	འདི་	DET
འབྲི་བ་	འབྲི་བ་	VERB
དང་	དང་	NO_POS
།		PUNCT
འདོན་པ་	འདོན་པ་	VERB
དང་	དང་	NO_POS
།		PUNCT
ཐུགས་རྗེ་	ཐུགས་རྗེ་	NOUN
ཆེན་པོ་	ཆེན་པོ་	ADJ
འི་	གི་	PART
བསྒོམ་	བསྒོམ་	VERB
བཟླས་	བཟླས་	NO_POS
བྱ་	བྱ་	VERB
ན་	ལ་	PART
མྱུར་	མྱུར་	VERB
དུ་	ལ་	PART
སྡིག་སྒྲིབ་	སྡིག་སྒྲིབ་	NOUN
ཐམས་ཅད་	ཐམས་ཅད་	DET
བྱང་བ་	བྱང་བ་	VERB
ར་	ལ་	PART
འགྱུར་	འགྱུར་	VERB
རོ་	རོ་	NOUN
། །		PUNCT
ཆོ་	ཆོ་	NOUN
ཀྱི་	གི་	PART
ཡི་གེ་	ཡི་གེ་	NOUN
འདི་	འདི་	DET
ལ་	ལ་	PART
སྤོ་	སྤོ་	NOUN
དང་	དང་	NO_POS
མེ་ཏོག་	མེ་ཏོག་	NOUN
གིས་	གིས་	PART
ལེགས་པ་	ལེགས་པ་	VERB
ར་	ལ་	PART
མཆོད་	མཆོད་	VERB
ན་	ལ་	PART
།		PUNCT
སེམས་ཅན་	སེམས་ཅན་	NOUN
ཀུན་	ཀུན་	DET
ཀྱང་	ཀྱང་	PART
བདེ་བ་	བདེ་བ་	VERB
ལ་	ལ་	PART
འགོད་	འགོད་	NO_POS
།		PUNCT
ཡི་གེ་	ཡི་གེ་	NOUN
འདི་	འདི་	DET
འབྲི་	འབྲི་	VERB
འདོན་	འདོན་	VERB
བྱ་	བྱ་	VERB
ན་	ལ་	PART
ཚེ་རབས་	ཚེ་རབས་	NOUN
ཐམས་ཅད་	ཐམས་ཅད་	DET
དུ་	ལ་	PART
སྐྱེ་བ་	སྐྱེ་བ་	VERB
བཟང་པོ་	བཟང་པོ་	ADJ
ཐོབ་	ཐོབ་	VERB
།		PUNCT
དེ་ནས་	དེ་ནས་	NO_POS
ཤིང་	ཅིང་	PART
དེ་	དེ་	DET
འི་	གི་	PART
རྩ་བ་	རྩ་བ་	NOUN
ན་	ལ་	PART
མཚོ་ཆེན་པོ་	མཚོ་ཆེན་པོ་	OTHER
གཅིག་	གཅིག་	NUM
ཡོད་	ཡོད་	VERB
དོ་	གོ་	PART
"།
།"		PUNCT
དེ་	སྟེ་	PART
ཡི་	གི་	PART
འགྲམ་	འགྲམ་	NOUN
དུ་	ལ་	PART
ཐུགས་རྗེ་	ཐུགས་རྗེ་	NOUN
ཆེན་པོ་	ཆེན་པོ་	ADJ
འི་	གི་	PART
སྤྲུལ་པ་	སྤྲུལ་པ་	VERB
བཞུགས་པ་	བཞུགས་པ་	VERB
ས་	གིས་	PART
སྐྱེ་འགྲོ་	སྐྱེ་འགྲོ་	NOUN
སེམས་ཅན་	སེམས་ཅན་	NOUN
ཐམས་ཅད་	ཐམས་ཅད་	DET
སྙིང་རྗེ་	སྙིང་རྗེ་	NOUN
ཐུགས་རྗེ་	ཐུགས་རྗེ་	NOUN
ས་	གིས་	PART
དགོངས་པ་	དགོངས་པ་	VERB
ར་	ལ་	PART
མཛད་	མཛད་	VERB
ན་	ནས་	PART
སྤྱན་ཆབ་	སྤྱན་ཆབ་	NOUN
དྲག་	དྲག་	VERB
ཏུ་	ལ་	PART
བྱུང་	བྱུང་	VERB
ངོ་	གོ་	PART
"།
།"		PUNCT
དེ་ནས་	དེ་ནས་	NO_POS
བཅོམ་ལྡན་འདས་	བཅོམ་ལྡན་འདས་	NOUN
ཀྱིས་	གིས་	PART
བཀའ་	བཀའ་	NOUN
སྩལ་པ་	སྩལ་པ་	VERB
ཐུགས་རྗེ་	ཐུགས་རྗེ་	NOUN
ཆེན་པོ་	ཆེན་པོ་	ADJ
ཁྱོད་	ཁྱོད་	PRON
ལེགས་པ་	ལེགས་པ་	VERB
ར་	ལ་	PART
ཉོན་	ཉོན་	VERB
དང་	དང་	NO_POS
སྤྱན་ཆབ་	སྤྱན་ཆབ་	NOUN
ཤོ་	ཤོ་	NOUN
ར་	ལ་	PART
མི་	མི་	PART
དགོས་པ་	དགོས་པ་	VERB
ས་	གིས་	PART
།		PUNCT
ང་	ང་	PRON
ཡི་	གི་	PART
གསུང་	གསུང་	VERB
འདི་	འདི་	DET
ལ་	ལ་	PART
ལེགས་པ་	ལེགས་པ་	VERB
ར་	ལ་	PART
ཉོན་	ཉོན་	VERB
དང་	དང་	NO_POS
།		PUNCT
ལོ་གསར་	ལོ་གསར་	NOUN
སྟག་	སྟག་	NOUN
གི་	གི་	PART
ཟླ་བ་	ཟླ་བ་	NOUN
འི་	གི་	PART
ནང་	ནང་	NOUN
དུ་	ལ་	PART
མི་	མི་	PART
འི་	གི་	PART
ཡུལ་	ཡུལ་	NOUN
དུ་	ལ་	PART
བྱོན་པ་	བྱོན་པ་	VERB
ར་	ལ་	PART
དགོངས་པ་	དགོངས་པ་	VERB
ཡིན་	ཡིན་	NO_POS
།		PUNCT
དེ་	དེ་	DET
འི་	གི་	PART
དུས་	དུས་	NOUN
སུ་	ལ་	PART
བསྐལ་པ་	བསྐལ་པ་	NOUN
ངན་པ་	ངན་པ་	VERB
འི་	གི་	PART
སེམས་ཅན་	སེམས་ཅན་	NOUN
ཐམས་ཅད་	ཐམས་ཅད་	DET
འཁོར་བ་	འཁོར་བ་	NOUN
སྡུག་བསྔལ་	སྡུག་བསྔལ་	NOUN
གྱི་	གི་	PART
རྒྱ་མཚོ་	རྒྱ་མཚོ་	NOUN
ལ་	ལ་	ADP
ས་	གིས་	PART
སྒྲོལ་	སྒྲོལ་	VERB
།		PUNCT
སྡིག་པ་	སྡིག་པ་	VERB
ཐམས་ཅད་	ཐམས་ཅད་	DET
སྤོང་བ་	སྤོང་བ་	VERB
ཡིན་	ཡིན་	NO_POS
།		PUNCT
དམྱལ་བ་	དམྱལ་བ་	NOUN
ར་	ལ་	PART
ལྟུང་བ་	ལྟུང་བ་	VERB
འི་	གི་	PART
སེམས་ཅན་	སེམས་ཅན་	NOUN
ཐམས་ཅད་	ཐམས་ཅད་	DET
ཡང་	ཀྱང་	PART
ང་	ང་	OTHER
འདྲེན་པ་	འདྲེན་པ་	VERB
ཡིན་	ཡིན་	NO_POS
།		PUNCT
དེ་	དེ་	DET
འི་	གི་	PART
དུས་	དུས་	NOUN
སུ་	ལ་	PART
ཆོ་	ཆོ་	NOUN
ཀྱི་	གི་	PART
ཡི་གེ་	ཡི་གེ་	NOUN
འདི་	འདི་	DET
དར་བ་	དར་བ་	VERB
ཡིན་	ཡིན་	NO_POS
ནོ་	གོ་	PART
། །		PUNCT
ཡི་གེ་	ཡི་གེ་	NOUN
འདི་	འདི་	DET
འབྲི་	འབྲི་	VERB
འདོན་	འདོན་	VERB
བྱ་	བྱ་	VERB
ན་	ལ་	PART
ནད་	ནད་	NOUN
ཐམས་ཅད་	ཐམས་ཅད་	DET
ཆད་	ཆད་	VERB
།		PUNCT
མི་	མི་	PART
གཅིག་	གཅིག་	NUM
གིས་	གིས་	PART
བྲིས་	བྲིས་	VERB
ན་	ལ་	PART
གྲོང་ཁྱེར་	གྲོང་ཁྱེར་	NOUN
གཅིག་	གཅིག་	NUM
ལ་	ལ་	PART
ཕན་	ཕན་	NOUN
།		PUNCT
གྲོང་ཁྱེར་	གྲོང་ཁྱེར་	NOUN
གཅིག་	གཅིག་	NUM
གིས་	གིས་	PART
བྲིས་	བྲིས་	VERB
ན་	ལ་	PART
རྒྱལ་ཁམས་	རྒྱལ་ཁམས་	NOUN
ཀུན་	ཀུན་	DET
ལ་	ལ་	PART
ཕན་	ཕན་	NOUN
།		PUNCT
མི་	མི་	PART
རྣམས་	རྣམས་	DET
བསོད་ནམས་	བསོད་ནམས་	NOUN
འཕེལ་བ་	འཕེལ་བ་	VERB
དང་	དང་	NO_POS
རྐྱེན་ངན་	རྐྱེན་ངན་	NOUN
བར་ཆད་	བར་ཆད་	NOUN
བཟློག་པ་	བཟློག་པ་	VERB
དང་	དང་	NO_POS
།		PUNCT
དམྱལ་བ་	དམྱལ་བ་	NOUN
འི་	གི་	PART
སྡུག་བསྔལ་	སྡུག་བསྔལ་	NOUN
ལ་	ལ་	ADP
ས་	གིས་	PART
ཐར་བ་	ཐར་བ་	VERB
ར་	ལ་	PART
འགྱུར་	འགྱུར་	VERB
རོ་	རོ་	NOUN
"།
།"		PUNCT
ཚེ་	ཚེ་	NOUN
འདི་	འདི་	DET
དང་	དང་	NO_POS
ཕྱི་མ་	ཕྱི་མ་	ADJ
གཉིས་ཀ་	གཉིས་ཀ་	OTHER
ལ་	ལ་	PART
ཕན་	ཕན་	NOUN
།		PUNCT
འགྲོ་བ་	འགྲོ་བ་	VERB
རིགས་	རིགས་	NOUN
དྲུག་	དྲུག་	NUM
སེམས་ཅན་	སེམས་ཅན་	NOUN
ཐམས་ཅད་	ཐམས་ཅད་	DET
ལ་	ལ་	PART
མཁོ་བ་	མཁོ་བ་	VERB
འི་	གི་	PART
ལམ་	གམ་	PART
ཡིན་	ཡིན་	NO_POS
ནོ་	གོ་	PART
"།
།"		PUNCT
དཔེར་ན་	དཔེར་ན་	NO_POS
མཚོ་	མཚོ་	NOUN
དང་	དང་	NO_POS
ཆུ་	ཆུ་	NOUN
ལ་	ལ་	PART
གྲུ་གཟིངས་	གྲུ་གཟིངས་	NOUN
འགྲོ་བ་	འགྲོ་བ་	VERB
ལྟ་བུ་	ལྟ་བུ་	NOUN
ཡིན་	ཡིན་	NO_POS
།		PUNCT
ཡི་གེ་	ཡི་གེ་	NOUN
འདི་	འདི་	DET
ལ་	ལ་	PART
དད་པ་	དད་པ་	VERB
དང་	དང་	NO_POS
།		PUNCT
མོས་གུས་	མོས་གུས་	NOUN
རྣམ་པ་	རྣམ་པ་	NOUN
ར་	ལ་	PART
དག་པ་	དག་པ་	VERB
ར་	ལ་	PART
བྱེད་པ་	བྱེད་པ་	VERB
གལ་ཆེ་	གལ་ཆེ་	OTHER
འོ་	གོ་	PART
། །		PUNCT
བྱམས་པ་	བྱམས་པ་	PROPN
མི་ཡུལ་	མི་ཡུལ་	NOUN
དུ་མ་	དུ་མ་	ADJ
བྱོན་	བྱོན་	VERB
བ་	བ་	NOUN
དུ་	ལ་	PART
།		PUNCT
ཕན་པ་	ཕན་པ་	VERB
འི་	གི་	PART
ཡི་གེ་	ཡི་གེ་	NOUN
རྒྱ་	རྒྱ་	NOUN
ཆེ་	ཆེ་	VERB
ར་	ལ་	PART
འདི་	འདི་	DET
ཡིན་	ཡིན་	NO_POS
ནོ་	གོ་	PART
"།
།"		PUNCT
ཆོ་	ཆོ་	NOUN
འདི་	འདི་	DET
བྲིས་	བྲིས་	VERB
ཤིང་	ཅིང་	PART
གཞན་	གཞན་	DET
ལ་	ལ་	PART
སྤེལ་	སྤེལ་	VERB
ན་	ལ་	PART
ཚེ་	ཚེ་	NOUN
གཅིག་	གཅིག་	NUM
ལུས་	ལུས་	NOUN
གཅིག་	གཅིག་	NUM
ལ་	ལ་	PART
བསོད་ནམས་	བསོད་ནམས་	NOUN
དཔག་	དཔག་	VERB
ཏུ་	ལ་	PART
མེད་པ་	མེད་པ་	VERB
འཕེལ་	འཕེལ་	VERB
ལོ་	གོ་	PART
"།
།"		PUNCT
འཁོར་བ་	འཁོར་བ་	NOUN
ཁྲག་	ཁྲག་	NOUN
གི་	གི་	PART
རྒྱ་མཚོ་	རྒྱ་མཚོ་	NOUN
སྐེམ་པ་	སྐེམ་པ་	NO_POS
ར་	ལ་	PART
འགྱུར་	འགྱུར་	VERB
རོ་	རོ་	NOUN
། །		PUNCT
སེམས་	སེམས་	NOUN
རྣམ་པ་	རྣམ་པ་	NOUN
ར་	ལ་	PART
མ་	མ་	PART
དག་པ་	དག་པ་	VERB
བཅུ་	བཅུ་	NUM
འི་	གི་	PART
སྒོ་	སྒོ་	NOUN
ན་	ནས་	PART
།		PUNCT
དང་པོ་	དང་པོ་	ADJ
ཉོན་མོངས་པ་	ཉོན་མོངས་པ་	NOUN
འི་	གི་	PART
དབང་	དབང་	NOUN
དུ་	ལ་	PART
གྱུར་	གྱུར་	VERB
།		PUNCT
སེམས་ཅན་	སེམས་ཅན་	NOUN
ཐམས་ཅད་	ཐམས་ཅད་	DET
སྙིང་	སྙིང་	NOUN
རེ་	རེ་	DET
རྗེ་	རྗེ་	NO_POS
།		PUNCT
དེ་	སྟེ་	PART
ཡི་	གི་	PART
རྒྱབ་	རྒྱབ་	NOUN
ཏུ་	ལ་	PART
གཉིས་པ་	གཉིས་པ་	NUM
མི་	མི་	PART
ཡི་	གི་	PART
ཡུལ་	ཡུལ་	NOUN
དུ་	ལ་	PART
ཁྲག་	ཁྲག་	NOUN
གིས་	གིས་	PART
ལུང་པ་གང་	ལུང་པ་གང་	NO_POS
།		PUNCT
གསུམ་	གསུམ་	NUM
པ་ལོ་	པ་ལོ་	NO_POS
ཏོག་	ཏོག་	NOUN
སོ་	གོ་	PART
ནམས་		NON_WORD
བྱ་	བྱ་	VERB
ཀྱང་	ཀྱང་	PART
རང་	རང་	PRON
གི་	གི་	PART
རྗེས་སུ་	རྗེས་སུ་	OTHER
འབྲང་	འབྲང་	VERB
དབང་མེད་	དབང་མེད་	ADJ
།		PUNCT
བཞི་པ་	བཞི་པ་	ADJ
མི་	མི་	PART
རྣམས་	རྣམས་	DET
ཀྱིས་	གིས་	PART
སྡུག་བསྔལ་	སྡུག་བསྔལ་	NOUN
ཤིན་ཏུ་	ཤིན་ཏུ་	NO_POS
མྱོང་	མྱོང་	VERB
།		PUNCT
ལྔ་པ་	ལྔ་པ་	NUM
ལམ་	གམ་	PART
ལ་	ལ་	PART
འགྲོ་བ་	འགྲོ་བ་	VERB
ར་	ལ་	PART
མིག་	མིག་	NOUN
གིས་	གིས་	PART
མི་	མི་	PART
མཐོང་	མཐོང་	VERB
།		PUNCT
དྲུག་པ་	དྲུག་པ་	NUM
གཅན་གཟན་	གཅན་གཟན་	NOUN
སྣ་ཚོགས་	སྣ་ཚོགས་	DET
ཀྱིས་	གིས་	PART
གྲོང་ཁྱེར་	གྲོང་ཁྱེར་	NOUN
འགེང་པ་	འགེང་པ་	NON_WORD
ར་	ལ་	PART
འགྱུར་	འགྱུར་	VERB
རོ་	རོ་	NOUN
"།
།"		PUNCT
བདུན་པ་	བདུན་པ་	NUM
རྒྱལ་ཁམས་	རྒྱལ་ཁམས་	NOUN
ཀྱི་	གི་	PART
ཁང་པ་	ཁང་པ་	NOUN
རྣམས་	རྣམས་	DET
སྟོངས་པ་	སྟོངས་པ་	VERB
ར་	ལ་	PART
འགྱུར་	འགྱུར་	VERB
རོ་	རོ་	NOUN
། །		PUNCT
བརྒྱད་པ་	བརྒྱད་པ་	NUM
གཅན་གཟན་	གཅན་གཟན་	NOUN
གང་ཡང་	གང་ཡང་	NO_POS
ཆགས་	ཆགས་	VERB
མེད་	མེད་	VERB
དུ་	ལ་	PART
འགྲོ་བ་	འགྲོ་བ་	VERB
ར་	ལ་	PART
མཐོང་	མཐོང་	VERB
།		PUNCT
དགུ་པ་	དགུ་པ་	ADJ
མི་	མི་	PART
རེ་རེ་	རེ་རེ་	DET
ཡོད་	ཡོད་	VERB
ཀྱང་	ཀྱང་	PART
འདུག་	འདུག་	VERB
མི་	མི་	PART
ཕོད་	ཕོད་	VERB
།		PUNCT
བཅུ་པ་	བཅུ་པ་	NUM
ཡི་དྭགས་	ཡི་དྭགས་	NOUN
ཀྱིས་	གིས་	PART
གྲོང་ཁྱེར་	གྲོང་ཁྱེར་	NOUN
ཉུལ་བ་	ཉུལ་བ་	VERB
ར་	ལ་	PART
སྣང་	སྣང་	VERB
།		PUNCT
རྣམ་པ་	རྣམ་པ་	NOUN
ར་	ལ་	PART
མ་	མ་	PART
དག་པ་	དག་པ་	VERB
བཅུ་	བཅུ་	NUM
འི་	གི་	PART
སྒོ་	སྒོ་	NOUN
ན་	ནས་	PART
དེ་	སྟེ་	PART
འདྲ་	འདྲ་	VERB
འདུག་	འདུག་	VERB
གོ་	གོ་	PART
།		PUNCT
གཅིག་	གཅིག་	NUM
གིས་	གིས་	PART
གཅིག་	གཅིག་	NUM
གཟེངས་བསྟོད་	གཟེངས་བསྟོད་	OTHER
མི་	མི་	PART
འདུག་པ་	འདུག་པ་	VERB
རང་	རང་	PRON
བསྟོད་	བསྟོད་	VERB
གཞན་	གཞན་	DET
སྨད་	སྨད་	NOUN
བྱེད་པ་	བྱེད་པ་	VERB
ར་	ལ་	PART
སྣང་ངོ་	སྣང་ངོ་	NOUN
"།
།"		PUNCT
མི་	མི་	PART
ཡི་	གི་	PART
ནང་	ནང་	NOUN
ན་	ལ་	PART
རིགས་བཞི་	རིགས་བཞི་	NO_POS
ཡོད་	ཡོད་	VERB
དེ་	སྟེ་	PART
།		PUNCT
རྒྱལ་རིགས་	རྒྱལ་རིགས་	NOUN
དང་	དང་	NO_POS
།		PUNCT
རྗེ་རིགས་	རྗེ་རིགས་	NOUN
དང་	དང་	NO_POS
།		PUNCT
དམངས་རིགས་	དམངས་རིགས་	PROPN
དང་	དང་	NO_POS
།		PUNCT
བྲམ་ཟེ་	བྲམ་ཟེ་	NOUN
འི་	གི་	PART
རིགས་	རིགས་	NOUN
ཏེ་	སྟེ་	PART
དེ་དག་	དེ་དག་	OTHER
ཀུན་	ཀུན་	DET
ཀྱང་	ཀྱང་	PART
ཡི་གེ་	ཡི་གེ་	NOUN
འདི་	འདི་	DET
ལ་	ལ་	PART
དད་པ་	དད་པ་	VERB
དང་	དང་	NO_POS
མོས་གུས་	མོས་གུས་	NOUN
བྱ་	བྱ་	VERB
ན་	ལ་	PART
བསྐལ་པ་	བསྐལ་པ་	NOUN
བཟང་པོ་	བཟང་པོ་	ADJ
ཡོད་	ཡོད་	VERB
།		PUNCT
བཅོམ་ལྡན་འདས་	བཅོམ་ལྡན་འདས་	NOUN
ཀྱིས་	གིས་	PART
བཀའ་	བཀའ་	NOUN
སྩལ་པ་	སྩལ་པ་	VERB
།		PUNCT
ཡི་གེ་	ཡི་གེ་	NOUN
འདི་	འདི་	DET
ལ་	ལ་	PART
དད་	དད་	VERB
ལོག་	ལོག་	VERB
བྱ་	བྱ་	VERB
ན་	ལ་	PART
གཅིག་	གཅིག་	NUM
གིས་	གིས་	PART
གཅིག་	གཅིག་	NUM
ཁྲིད་	ཁྲིད་	VERB
ན་	ནས་	PART
དམྱལ་བ་	དམྱལ་བ་	NOUN
མནར་མེད་	མནར་མེད་	NO_POS
དུ་	ལ་	PART
ལྟུང་	ལྟུང་	VERB
ངོ་	གོ་	PART
"།
།"		PUNCT
དེ་	དེ་	DET
ས་	གིས་	PART
ཆོ་	ཆོ་	NOUN
མི་	མི་	PART
ཐོ་	ཐོ་	VERB
ངུ་འབོད་	ངུ་འབོད་	NOUN
ཀྱིས་	གིས་	PART
གནམ་ས་	གནམ་ས་	NOUN
གང་	གང་	NO_POS
།		PUNCT
ནད་རིམས་	ནད་རིམས་	NO_POS
ཀྱི་	གི་	PART
བསྐལ་པ་	བསྐལ་པ་	NOUN
འོང་	འོང་	VERB
།		PUNCT
ཆོ་	ཆོ་	NOUN
ཀྱི་	གི་	PART
ཡི་གེ་	ཡི་གེ་	NOUN
འདི་	འདི་	DET
ཐོ་	ཐོ་	VERB
མ་	མ་	PART
ཐག་	ཐག་	VERB
ཏུ་	ལ་	PART
འབྲི་	འབྲི་	VERB
འདོན་	འདོན་	VERB
བྱ་	བྱ་	VERB
ན་	ལ་	PART
ནད་ཡམས་	ནད་ཡམས་	OTHER
འཇོམས་	འཇོམས་	NO_POS
།		PUNCT
མུ་གེ་	མུ་གེ་	NOUN
ཡོད་པ་	ཡོད་པ་	VERB
ཀུན་	ཀུན་	DET
ཀྱང་	ཀྱང་	PART
ཞི་བ་	ཞི་བ་	VERB
ར་	ལ་	PART
འགྱུར་	འགྱུར་	VERB
།		PUNCT
སྐྱེ་བ་	སྐྱེ་བ་	VERB
བཟང་པོ་	བཟང་པོ་	ADJ
ཐོབ་པ་	ཐོབ་པ་	VERB
ར་	ལ་	PART
འགྱུར་	འགྱུར་	VERB
རོ་	རོ་	NOUN
། །		PUNCT
སླར་ཡང་	སླར་ཡང་	OTHER
མི་ལ་	མི་ལ་	PROPN
སྡུག་བསྔལ་	སྡུག་བསྔལ་	NOUN
བདུན་	བདུན་	NUM
ཡོད་	ཡོད་	VERB
དེ་	སྟེ་	PART
།		PUNCT
སེམས་ཅན་	སེམས་ཅན་	NOUN
དམྱལ་བ་	དམྱལ་བ་	NOUN
འི་	གི་	PART
སྡུག་བསྔལ་	སྡུག་བསྔལ་	NOUN
དང་	དང་	NO_POS
གཅིག་	གཅིག་	NUM
།		PUNCT
ཡི་དྭགས་	ཡི་དྭགས་	NOUN
བཀྲེས་སྐོམ་	བཀྲེས་སྐོམ་	NOUN
གྱི་	གི་	PART
སྡུག་བསྔལ་	སྡུག་བསྔལ་	NOUN
དང་	དང་	NO_POS
གཉིས་	གཉིས་	NUM
།		PUNCT
ལྷ་མིན་	ལྷ་མིན་	NOUN
འཐབ་རྩོད་	འཐབ་རྩོད་	NOUN
ཀྱི་	གི་	PART
སྡུག་བསྔལ་	སྡུག་བསྔལ་	NOUN
དང་	དང་	NO_POS
གསུམ་	གསུམ་	NUM
།		PUNCT
མི་ཁོམ་པ་	མི་ཁོམ་པ་	OTHER
དང་	དང་	NO_POS
དབུལ་ཕོངས་	དབུལ་ཕོངས་	NOUN
ཀྱི་	གི་	PART
སྡུག་བསྔལ་	སྡུག་བསྔལ་	NOUN
དང་	དང་	NO_POS
བཞི་	བཞི་	NUM
།		PUNCT
ལྟ་བ་	ལྟ་བ་	VERB
ལོག་	ལོག་	VERB
འཛིན་	འཛིན་	VERB
གྱི་	གི་	PART
སྡུག་བསྔལ་	སྡུག་བསྔལ་	NOUN
དང་	དང་	NO_POS
ལྔ་	ལྔ་	NUM
།		PUNCT
ལྷ་	ལྷ་	NOUN
ཚེ་རིང་པོ་	ཚེ་རིང་པོ་	NO_POS
འི་	གི་	PART
སྡུག་བསྔལ་	སྡུག་བསྔལ་	NOUN
དང་	དང་	NO_POS
དྲུག་	དྲུག་	NUM
།		PUNCT
སྲིད་པ་	སྲིད་པ་	VERB
བར་དོ་	བར་དོ་	NOUN
འི་	གི་	PART
སྡུག་བསྔལ་	སྡུག་བསྔལ་	NOUN
དང་	དང་	NO_POS
བདུན་	བདུན་	NUM
ཡོད་	ཡོད་	VERB
དོ་	གོ་	PART
། །		PUNCT
དེ་	སྟེ་	PART
རྣམས་	རྣམས་	DET
ལ་	ལ་	PART
ཕན་པ་	ཕན་པ་	VERB
འི་	གི་	PART
ཡི་གེ་	ཡི་གེ་	NOUN
འདི་	འདི་	DET
ལ་	ལ་	PART
དད་པ་	དད་པ་	VERB
བྱ་	བྱ་	VERB
ན་	ལ་	PART
བསམ་པ་	བསམ་པ་	VERB
ཐམས་ཅད་	ཐམས་ཅད་	DET
འགྲུབ་བོ་	འགྲུབ་བོ་	VERB
"།
།"		PUNCT
ནད་	ནད་	NOUN
རིགས་	རིགས་	NOUN
ཐམས་ཅད་	ཐམས་ཅད་	DET
ཆད་པ་	ཆད་པ་	VERB
ར་	ལ་	PART
འགྱུར་	འགྱུར་	VERB
རོ་	རོ་	NOUN
"།
།"		PUNCT
སྔོན་	སྔོན་	ADV
གྱི་	གི་	PART
བསྐལ་པ་	བསྐལ་པ་	NOUN
བཟང་པོ་	བཟང་པོ་	ADJ
དང་	དང་	NO_POS
ལྡན་པ་	ལྡན་པ་	VERB
ར་	ལ་	PART
འགྱུར་	འགྱུར་	VERB
རོ་	རོ་	NOUN
། །		PUNCT
དེ་	སྟེ་	PART
ཅིའི་ཕྱིར་	ཅིའི་ཕྱིར་	NO_POS
ཞེ་ན་	ཅེ་ན་	PART
།		PUNCT
མེ་ཕོ་	མེ་ཕོ་	OTHER
རྟ་	རྟ་	NOUN
འི་	གི་	PART
ལོ་	ལོ་	NOUN
ར་	ལ་	PART
ནམ་མཁ་	ནམ་མཁའ་	NOUN
འི་	གི་	PART
དབྱིངས་	དབྱིངས་	NOUN
ན་	ནས་	PART
རྡོ་ཕ་བོང་	རྡོ་ཕ་བོང་	NO_POS
ཙམ་	ཙམ་	DET
གཅིག་	གཅིག་	NUM
བབ་	བབ་	VERB
ན་	ནས་	PART
མཚོ་ཆེན་པོ་	མཚོ་ཆེན་པོ་	OTHER
གཅིག་	གཅིག་	NUM
གི་	གི་	PART
འགྲམ་	འགྲམ་	NOUN
དུ་	ལ་	PART
ཕོག་	ཕོག་	VERB
།		PUNCT
གནམ་རྡོ་	གནམ་རྡོ་	NO_POS
དེ་ག་	དེ་ག་	NO_POS
ས་པ་	ས་པ་	PART
འི་	གི་	PART
ནང་	ནང་	NOUN
ན་	ནས་	PART
ཡི་གེ་	ཡི་གེ་	NOUN
འདི་	འདི་	DET
བྱོན་	བྱོན་	VERB
།		PUNCT
ཆོ་	ཆོ་	NOUN
ཀྱི་	གི་	PART
ཡི་གེ་	ཡི་གེ་	NOUN
འདི་	འདི་	DET
གཅིག་	གཅིག་	NUM
ལ་	ལ་	PART
གཅིག་	གཅིག་	NUM
གིས་	གིས་	PART
གབ་	གབ་	NO_POS
སྐུང་	སྐུང་	NO_POS
གསང་སྦེད་	གསང་སྦེད་	NO_POS
མེད་པ་	མེད་པ་	VERB
ར་	ལ་	PART
སྟོན་པ་	སྟོན་པ་	NOUN
གལ་ཆེ་	གལ་ཆེ་	OTHER
འོ་	གོ་	PART
། །		PUNCT
འདི་	འདི་	DET
གཅིག་	གཅིག་	NUM
དང་	དང་	NO_POS
གཉིས་	གཉིས་	NUM
ཀྱི་	གི་	PART
དོན་	དོན་	NOUN
ལ་མ་	ལ་མ་	NO_POS
ཡིན་	ཡིན་	NO_POS
།		PUNCT
འགྲོ་བ་	འགྲོ་བ་	VERB
སེམས་ཅན་	སེམས་ཅན་	NOUN
ཐམས་ཅད་	ཐམས་ཅད་	DET
ཀྱི་	གི་	PART
དོན་	དོན་	NOUN
དུ་	ལ་	PART
བཀོད་པ་	བཀོད་པ་	VERB
ཡིན་	ཡིན་	NO_POS
།		PUNCT
འཁོར་བ་	འཁོར་བ་	NOUN
འི་	གི་	PART
སྡུག་བསྔལ་	སྡུག་བསྔལ་	NOUN
ཐམས་ཅད་	ཐམས་ཅད་	DET
ཟད་པ་		
ཤོག་	ཤོག་	VERB
།		PUNCT
སླར་ཡང་	སླར་ཡང་	OTHER
ལྔ་	ལྔ་	NUM
བརྒྱ་	བརྒྱ་	NUM
དུས་	དུས་	NOUN
ཀྱི་	གི་	PART
ཐ་མ་	ཐ་མ་	ADJ
ལ་	ལ་	PART
། །		PUNCT
སངས་རྒྱས་	སངས་རྒྱས་	NOUN
བསྟན་པ་	བསྟན་པ་	VERB
མ་	མ་	NOUN
འགྲིབ་	འགྲིབ་	VERB
དུས་	དུས་	NOUN
། །		PUNCT
དགེ་སློང་	དགེ་སློང་	NOUN
ཚུལ་ཁྲིམས་	ཚུལ་ཁྲིམས་	NOUN
ཉམས་པ་	ཉམས་པ་	VERB
འི་	གི་	PART
དུས་	དུས་	NOUN
"།
།"		PUNCT
བསམ་ངན་	བསམ་ངན་	NOUN
ཡིད་	ཡིད་	NOUN
ལ་	ལ་	PART
དྲན་པ་	དྲན་པ་	VERB
འི་	གི་	PART
དུས་	དུས་	NOUN
། །		PUNCT
མནའ་	མནའ་	NOUN
སྡིག་	སྡིག་	NOUN
ཁ་ཟས་	ཁ་ཟས་	NOUN
ཟ་བ་	ཟ་བ་	VERB
འི་	གི་	PART
དུས་	དུས་	NOUN
། །		PUNCT
མི་དགེ་	མི་དགེ་	NOUN
བཅུ་	བཅུ་	NUM
ལ་	ལ་	PART
སྤྱོད་པ་	སྤྱོད་པ་	VERB
འི་	གི་	PART
དུས་	དུས་	NOUN
"།
།"		PUNCT
སྔགས་པ་	སྔགས་པ་	NOUN
ས་	གིས་	PART
ངན་སྔགས་	ངན་སྔགས་	NOUN
འདོན་པ་	འདོན་པ་	VERB
འི་	གི་	PART
དུས་	དུས་	NOUN
། །		PUNCT
དུག་	དུག་	NOUN
ལྔ་	ལྔ་	NUM
ཁོག་	ཁོག་	VERB
ཏུ་	ལ་	PART
བཅུག་པ་	བཅུག་པ་	VERB
འི་	གི་	PART
དུས་	དུས་	NOUN
། །		PUNCT
ལུས་ངག་	ལུས་ངག་	NOUN
ལོག་པ་	ལོག་པ་	VERB
ར་	ལ་	PART
སྤྱོད་པ་	སྤྱོད་པ་	VERB
འི་	གི་	PART
དུས་	དུས་	NOUN
"།
།"		PUNCT
ཆོས་སྟོན་	ཆོས་སྟོན་	NOUN
མ་	མ་	NOUN
མ་	མ་	NOUN
འགྲོ་བ་	འགྲོ་བ་	VERB
འི་	གི་	PART
དུས་	དུས་	NOUN
། །		PUNCT
བྱ་སྤུ་	བྱ་སྤུ་	NO_POS
རི་	རི་	NOUN
ལ་	ལ་	PART
སྐྱེ་བ་	སྐྱེ་བ་	VERB
འི་	གི་	PART
དུས་	དུས་	NOUN
། །		PUNCT
ཤིང་	ཅིང་	PART
ལྕགས་	ལྕགས་	NOUN
སྣོད་	སྣོད་	NOUN
དུ་	ལ་	PART
བཅུག་པ་	བཅུག་པ་	VERB
འི་	གི་	PART
དུས་	དུས་	NOUN
"།
།"		PUNCT
སྐྱེ་བོ་	སྐྱེ་བོ་	NOUN
ས་	གིས་	PART
ལས་ངན་	ལས་ངན་	NOUN
བྱེད་པ་	བྱེད་པ་	VERB
འི་	གི་	PART
དུས་	དུས་	NOUN
། །		PUNCT
ལ་	ལ་	ADP
ས་	གིས་	PART
རྣམས་	རྣམས་	DET
ཉེས་སྐྱོན་	ཉེས་སྐྱོན་	NO_POS
དེ་	སྟེ་	PART
རྣམས་	རྣམས་	DET
ཀུན་	ཀུན་	DET
། །		PUNCT
འཇིགས་པ་	འཇིགས་པ་	VERB
འི་	གི་	PART
དུས་	དུས་	NOUN
ངན་	ངན་	VERB
ངེས་པ་		
འོང་	འོང་	VERB
"།
།"		PUNCT
དུས་	དུས་	NOUN
ངན་	ངན་	VERB
རྐྱེན་	རྐྱེན་	NOUN
བཟློག་	བཟློག་	VERB
ཡི་གེ་	ཡི་གེ་	NOUN
འདི་	འདི་	DET
། །		PUNCT
མཐོང་བ་	མཐོང་བ་	VERB
ཙམ་	ཙམ་	DET
གྱིས་	གིས་	PART
འབྲི་	འབྲི་	VERB
འདོན་	འདོན་	VERB
བྱེད་	བྱེད་	VERB
། །		PUNCT
དུས་	དུས་	NOUN
ངན་	ངན་	VERB
བཟློག་པ་	བཟློག་པ་	VERB
ར་	ལ་	PART
ཐེ་ཚོམ་	ཐེ་ཚོམ་	NOUN
མེད་	མེད་	VERB
"།
།"		PUNCT
ཨི་	ཨི་	NO_POS
བདེན་	བདེན་	VERB
མི་	མི་	PART
བདེན་	བདེན་	VERB
ལྟོ་	ལྟོ་	VERB
དང་	དང་	NO_POS
ཆོག་	ཆོག་	VERB
།		PUNCT
བདེན་པ་	བདེན་པ་	VERB
ར་	ལ་	PART
སྨྲ་	སྨྲ་	VERB
ཞིང་	ཅིང་	PART
བརྗོད་པ་	བརྗོད་པ་	VERB
ར་	ལ་	PART
བགྱི་	བགྱི་	VERB
། །		PUNCT
མི་	མི་	PART
བདེན་	བདེན་	VERB
ཟེར་བ་	ཟེར་བ་	VERB
འི་	གི་	PART
མི་	མི་	PART
རྣམས་	རྣམས་	DET
ཀུན་	ཀུན་	DET
"།
།"		PUNCT
སྐྲ་	སྐྲ་	NOUN
ཡི་	གི་	PART
རྩེ་མོ་	རྩེ་མོ་	NOUN
མན་ཆད་	མན་ཆད་	ADV
ན་	ནས་	PART
། །		PUNCT
རྐང་པ་	རྐང་པ་	NOUN
འི་	གི་	PART
མཐེའུ་ཆུང་	མཐེའུ་ཆུང་	NOUN
ཡན་ཆད་	ཡན་ཆད་	ADV
ལ་	ལ་	PART
། །		PUNCT
ཁ་	ཁ་	PRON
ཏག་	ཏག་	NO_POS
ནད་	ནད་	NOUN
ཀྱིས་	གིས་	PART
ཐེབ་པ་	ཐེབ་པ་	NO_POS
ར་	ལ་	PART
འོང་	འོང་	VERB
"།
།"		PUNCT
བཅོམ་ལྡན་འདས་	བཅོམ་ལྡན་འདས་	NOUN
ཀྱིས་	གིས་	PART
དེ་སྐད་	དེ་སྐད་	NO_POS
བཀའ་	བཀའ་	NOUN
སྩལ་པ་	སྩལ་པ་	VERB
དང་	དང་	NO_POS
།		PUNCT
ཐུགས་རྗེ་	ཐུགས་རྗེ་	NOUN
ཆེན་པོ་	ཆེན་པོ་	ADJ
དང་	དང་	NO_POS
།		PUNCT
བྱམས་པ་	བྱམས་པ་	PROPN
དང་	དང་	NO_POS
།		PUNCT
ཀུན་དགའ་བོ་	ཀུན་དགའ་བོ་	PROPN
དང་	དང་	NO_POS
ལྷ་	ལྷ་	NOUN
དང་	དང་	NO_POS
མི་	མི་	PART
དང་	དང་	NO_POS
ལྷ་མ་	ལྷ་མ་	PROPN
ཡིན་	ཡིན་	NO_POS
དང་	དང་	NO_POS
དྲི་ཟ་	དྲི་ཟ་	NOUN
ར་	ལ་	PART
བཅས་པ་	བཅས་པ་	VERB
འི་	གི་	PART
འཇིག་རྟེན་	འཇིག་རྟེན་	NOUN
ཡི་	གི་	PART
རང་	རང་	PRON
སྟེ་	སྟེ་	PART
བཅོམ་ལྡན་འདས་	བཅོམ་ལྡན་འདས་	NOUN
ཀྱིས་	གིས་	PART
གསུངས་པ་	གསུངས་པ་	VERB
ལ་	ལ་	PART
མངོན་པ་	མངོན་པ་	OTHER
བསྟོད་	བསྟོད་	VERB
དོ་	གོ་	PART
"།
།"		PUNCT
བཅོམ་ལྡན་འདས་	བཅོམ་ལྡན་འདས་	NOUN
ཀྱིས་	གིས་	PART
མཚན་	མཚན་	NOUN
དང་	དང་	NO_POS
དཔེ་བྱད་	དཔེ་བྱད་	NOUN
ཀྱིས་	གིས་	PART
ལེགས་པ་	ལེགས་པ་	VERB
ར་	ལ་	PART
བརྒྱན་པ་	བརྒྱན་པ་	VERB
འི་	གི་	PART
ཕྱག་	ཕྱག་	NOUN
གཡས་པ་	གཡས་པ་	VERB
ས་	ས་	ADP
ལ་	ལ་	PART
བརྡབ་	བརྡབ་	NO_POS
སྟེ་	སྟེ་	PART
།		PUNCT
ནག་པོ་	ནག་པོ་	ADJ
བདུད་	བདུད་	NOUN
རིགས་	རིགས་	NOUN
འཁོར་	འཁོར་	NOUN
དང་	དང་	NO_POS
བཅས་པ་	བཅས་པ་	VERB
འཇོམས་པ་	འཇོམས་པ་	VERB
ར་	ལ་	PART
བྱ་	བྱ་	VERB
སོ་	གོ་	PART
། །		PUNCT
བདག་	བདག་	PRON
དགའ་བ་	དགའ་བ་	VERB
དང་	དང་	NO_POS
ཡིད་	ཡིད་	NOUN
བདེ་བ་	བདེ་བ་	VERB
བསམ་	བསམ་	NOUN
གྱིས་	གིས་	PART
མི་	མི་	PART
ཁྱབ་པ་	ཁྱབ་པ་	VERB
ཐོབ་པ་	ཐོབ་པ་	VERB
དང་	དང་	NO_POS
།		PUNCT
ནད་	ནད་	NOUN
དང་	དང་	NO_POS
བདུད་	བདུད་	NOUN
ཐམས་ཅད་	ཐམས་ཅད་	DET
རབ་ཏུ་	རབ་ཏུ་	NO_POS
ཞི་བ་	ཞི་བ་	VERB
ས་	གིས་	PART
འདུལ་བ་	འདུལ་བ་	VERB
ར་	ལ་	PART
བྱེད་པ་	བྱེད་པ་	VERB
འི་	གི་	PART
ཤེས་རབ་	ཤེས་རབ་	NOUN
ཀྱི་	གི་	PART
ཕ་རོལ་	ཕ་རོལ་	NOUN
དུ་	ལ་	PART
ཕྱིན་པ་	ཕྱིན་པ་	VERB
འདི་	འདི་	DET
ལ་	ལ་	PART
བསླབ་པ་	བསླབ་པ་	VERB
ར་	ལ་	PART
བྱ་	བྱ་	VERB
འོ་	གོ་	PART
"།
།"		PUNCT
དེ་ནས་	དེ་ནས་	NO_POS
སངས་རྒྱས་	སངས་རྒྱས་	NOUN
བཅོམ་ལྡན་འདས་	བཅོམ་ལྡན་འདས་	NOUN
གངྒཱའི་		NON_WORD
ཏིང་ངེ་འཛིན་	ཏིང་ངེ་འཛིན་	NOUN
ལ་	ལ་	PART
བཞུགས་	བཞུགས་	VERB
ན་	ནས་	PART
གསུང་རབ་	གསུང་རབ་	NOUN
གླེགས་བམ་	གླེགས་བམ་	NOUN
མདོ་སྡེ་	མདོ་སྡེ་	NOUN
བསྡུས་པ་	བསྡུས་པ་	VERB
འི་	གི་	PART
ཡི་གེ་	ཡི་གེ་	NOUN
འདི་	འདི་	DET
གསུངས་	གསུངས་	VERB
།		PUNCT
ཡང་	ཀྱང་	PART
ཀུན་དགའ་	ཀུན་དགའ་	PROPN
བོ་	བོ་	VERB
བཅོམ་ལྡན་འདས་	བཅོམ་ལྡན་འདས་	NOUN
ལ་	ལ་	PART
ཞུས་པ་	ཞུས་པ་	VERB
།		PUNCT
བཅོམ་ལྡན་འདས་	བཅོམ་ལྡན་འདས་	NOUN
ཁྱོད་	ཁྱོད་	PRON
ཀྱིས་	གིས་	PART
ཆོ་	ཆོ་	NOUN
གསུངས་པ་	གསུངས་པ་	VERB
འདི་	འདི་	DET
འི་	གི་	PART
དོན་	དོན་	NOUN
འཁོར་བ་	འཁོར་བ་	NOUN
འི་	གི་	PART
རྐྱེན་ངན་	རྐྱེན་ངན་	NOUN
བར་ཆད་	བར་ཆད་	NOUN
བཟློག་	བཟློག་	VERB
།		PUNCT
ས་ཕོ་	ས་ཕོ་	NO_POS
སྤྲེལ་	སྤྲེལ་	NO_POS
གྱི་	གི་	PART
ལོ་	གོ་	PART
ལ་	ལ་	PART
ནད་ཡམས་	ནད་ཡམས་	OTHER
ནི་	ནི་	NO_POS
འོང་	འོང་	VERB
།		PUNCT
དེ་	སྟེ་	PART
ལ་	ལ་	PART
ཕན་པ་	ཕན་པ་	VERB
འི་	གི་	PART
རིམ་གྲོ་	རིམ་གྲོ་	NOUN
ཟབ་མོ་	ཟབ་མོ་	ADJ
གལ་ཆེ་	གལ་ཆེ་	OTHER
འོ་	གོ་	PART
། །		PUNCT
སེམས་ཅན་	སེམས་ཅན་	NOUN
རྣམས་	རྣམས་	DET
ཀྱིས་	གིས་	PART
འདི་འདྲ་	འདི་འདྲ་	NO_POS
མི་	མི་	PART
བདེན་	བདེན་	VERB
བསམ་	བསམ་	NOUN
ན་	ནས་	PART
ཡི་གེ་	ཡི་གེ་	NOUN
འདི་	འདི་	DET
ལ་མ་	ལ་མ་	NO_POS
དད་པ་	དད་པ་	VERB
དང་	དང་	NO_POS
།		PUNCT
ཡི་གེ་	ཡི་གེ་	NOUN
འདི་	འདི་	DET
དར་མ་	དར་མ་	PROPN
ཐུབ་	ཐུབ་	VERB
ན་	ལ་	PART
ནག་པོ་	ནག་པོ་	ADJ
བདུད་	བདུད་	NOUN
རིགས་	རིགས་	NOUN
རྣམས་	རྣམས་	DET
དགའ་བ་	དགའ་བ་	VERB
ར་	ལ་	PART
འགྱུར་	འགྱུར་	VERB
རོ་	རོ་	NOUN
"།
།"		PUNCT
ཡི་གེ་	ཡི་གེ་	NOUN
འདི་	འདི་	DET
འབྲི་བ་	འབྲི་བ་	VERB
དང་	དང་	NO_POS
དད་པ་	དད་པ་	VERB
བྱ་	བྱ་	VERB
ན་	ལ་	PART
ཤིན་ཏུ་	ཤིན་ཏུ་	NO_POS
བདེ་བ་	བདེ་བ་	VERB
འོང་	འོང་	VERB
།		PUNCT
ཆོ་	ཆོ་	NOUN
ཀྱི་	གི་	PART
ཡི་གེ་	ཡི་གེ་	NOUN
འདི་	འདི་	DET
ཡི་	གིས་	PART
ཕན་པ་	ཕན་པ་	VERB
ར་	ལ་	PART
འགྱུར་	འགྱུར་	VERB
རོ་	རོ་	NOUN
"།
།"		PUNCT
ལེགས་	ལེགས་	VERB
སོ་	གོ་	PART
ལེགས་	ལེགས་	VERB
སོ་	གོ་	PART
ཤིན་ཏུ་	ཤིན་ཏུ་	NO_POS
ལེགས་	ལེགས་	VERB
སོ་	གོ་	PART
། །		PUNCT
སྔོན་	སྔོན་	ADV
ན་	ནས་	PART
ཀུན་	ཀུན་	DET
ཏུ་	ལ་	PART
སྟོན་པ་	སྟོན་པ་	NOUN
ར་	ལ་	PART
བགྱི་	བགྱི་	VERB
། །		PUNCT
དགེ་བ་	དགེ་བ་	VERB
ཕུན་སུམ་	ཕུན་སུམ་	OTHER
ཚོགས་པ་	ཚོགས་པ་	VERB
ར་	ལ་	PART
འགྱུར་	འགྱུར་	VERB
"།
།"		PUNCT
བསོད་ནམས་	བསོད་ནམས་	NOUN
ཡོན་ཏན་	ཡོན་ཏན་	NOUN
ཀུན་	ཀུན་	DET
ཏུ་	ལ་	PART
རྒྱ་	རྒྱ་	VERB
། །		PUNCT
རྫོགས་པ་	རྫོགས་པ་	VERB
འི་	གི་	PART
སངས་རྒྱས་	སངས་རྒྱས་	NOUN
ཀུན་	ཀུན་	DET
གྱིས་	གིས་	PART
གསུངས་	གསུངས་	VERB
། །		PUNCT
དགའ་བོ་	དགའ་བོ་	PROPN
ཉེ་	ཉེ་	NUM
དགའ་	དགའ་	VERB
ཁྱོད་	ཁྱོད་	PRON
ཉིད་	ཉིད་	DET
ཀྱིས་	གིས་	PART
"།
།"		PUNCT
འགྲོ་	འགྲོ་	VERB
ལ་	ལ་	PART
ཕན་དོན་	ཕན་དོན་	NO_POS
འདི་	འདི་	DET
ར་	ལ་	PART
བརྩོན་	བརྩོན་	VERB
དང་	དང་	NO_POS
། །		PUNCT
མ་འོངས་	མ་འོངས་	NOUN
དུས་	དུས་	NOUN
ཀྱི་	གི་	PART
ཐ་མ་	ཐ་མ་	ADJ
ལ་	ལ་	PART
། །		PUNCT
འདི་	འདི་	DET
ཡི་	གི་	PART
ཡོན་ཏན་	ཡོན་ཏན་	NOUN
བསམ་	བསམ་	NOUN
མི་	མི་	PART
ཁྱབ་	ཁྱབ་	VERB
"།
།"		PUNCT
འདི་	འདི་	DET
ལ་	ལ་	PART
དད་པ་	དད་པ་	VERB
སུ་	སུ་	ADP
ས་	གིས་	PART
བྱས་པ་	བྱས་པ་	VERB
ས་	གིས་	PART
། །		PUNCT
འདོད་པ་	འདོད་པ་	VERB
ཐམས་ཅད་	ཐམས་ཅད་	DET
འགྲུབ་པ་	འགྲུབ་པ་	VERB
ར་	ལ་	PART
འགྱུར་	འགྱུར་	VERB
། །		PUNCT
རྐྱེན་ངན་	རྐྱེན་ངན་	NOUN
བར་ཆད་	བར་ཆད་	NOUN
བཟློག་པ་	བཟློག་པ་	VERB
ར་	ལ་	PART
འགྱུར་	འགྱུར་	VERB
"།
།"		PUNCT
སངས་རྒྱས་	སངས་རྒྱས་	NOUN
བསྟན་	བསྟན་	VERB
ལ་	ལ་	PART
དད་པ་	དད་པ་	VERB
འི་	གི་	PART
མི་	མི་	PART
ས་	གིས་	PART
། །		PUNCT
སྤོ་	སྤོ་	NOUN
དང་	དང་	NO_POS
མེ་ཏོག་	མེ་ཏོག་	NOUN
མཆོད་པ་	མཆོད་པ་	VERB
ར་	ལ་	PART
གྱིས་	གིས་	PART
། །		PUNCT
དེ་ནས་	དེ་ནས་	NO_POS
བྱམས་པ་	བྱམས་པ་	PROPN
མགོན་པོ་	མགོན་པོ་	NOUN
ས་	གིས་	PART
ནམ་མཁ་	ནམ་མཁའ་	NOUN
འི་	གི་	PART
དབྱིངས་	དབྱིངས་	NOUN
ན་	ནས་	PART
ཕྱི་	ཕྱི་	OTHER
གཟིགས་	གཟིགས་	VERB
།		PUNCT
དེ་ནས་	དེ་ནས་	NO_POS
མི་	མི་	PART
རྣམས་	རྣམས་	DET
ཀྱི་	གི་	PART
མིག་	མིག་	NOUN
ན་	ནས་	PART
ཁྲག་	ཁྲག་	NOUN
གི་	གི་	PART
མཆི་མ་	མཆི་མ་	NOUN
བྱུང་བ་	བྱུང་བ་	VERB
མཐོང་	མཐོང་	VERB
ན་	ནས་	PART
།		PUNCT
བཅོམ་ལྡན་འདས་	བཅོམ་ལྡན་འདས་	NOUN
ཀྱི་	གི་	PART
དྲུང་	དྲུང་	NOUN
དུ་	ལ་	PART
བྱོན་	བྱོན་	VERB
ན་	ནས་	PART
ཞུས་པ་	ཞུས་པ་	VERB
ས་	གིས་	PART
།		PUNCT
བཅོམ་ལྡན་འདས་	བཅོམ་ལྡན་འདས་	NOUN
མ་འོངས་པ་	མ་འོངས་པ་	OTHER
ལ་	ལ་	PART
ཚིག་	ཚིག་	NOUN
ཉུང་	ཉུང་	VERB
ལ་དོན་	ལ་དོན་	OTHER
འདུས་པ་	འདུས་པ་	VERB
བྱིན་རླབས་	བྱིན་རླབས་	NOUN
ཆེ་བ་	ཆེ་བ་	VERB
འི་	གི་	PART
ཆོ་	ཆོ་	NOUN
ཞིག་	ཅིག་	PART
གནང་	གནང་	NO_POS
བ་	བ་	NOUN
མཛད་	མཛད་	VERB
དུ་	ལ་	PART
གསོལ་	གསོལ་	VERB
།		PUNCT
བཅོམ་ལྡན་འདས་	བཅོམ་ལྡན་འདས་	NOUN
ཀྱིས་	གིས་	PART
བཀའ་	བཀའ་	NOUN
སྩལ་བ་	སྩལ་བ་	VERB
།		PUNCT
བྱམས་པ་	བྱམས་པ་	PROPN
ཁྱེད་	ཁྱེད་	PRON
ལེགས་	ལེགས་	VERB
སོ་	གོ་	PART
། །		PUNCT
ཁྱེད་	ཁྱེད་	PRON
ང་	ང་	PRON
ཡི་	གི་	PART
བཀའ་	བཀའ་	NOUN
ལ་	ལ་	PART
ཉོན་	ཉོན་	VERB
།		PUNCT
ཚངས་པ་	ཚངས་པ་	PROPN
དང་	དང་	NO_POS
ནི་	ནི་	NO_POS
བརྒྱ་བྱིན་	བརྒྱ་བྱིན་	PROPN
སོགས་	སོགས་	DET
།		PUNCT
སེམས་ཅན་	སེམས་ཅན་	NOUN
ཐམས་ཅད་	ཐམས་ཅད་	DET
ཀྱི་	གི་	PART
དོན་	དོན་	NOUN
དུ་	ལ་	PART
བསྐོས་པ་	བསྐོས་པ་	VERB
ཡིན་	ཡིན་	NO_POS
ནོ་	གོ་	PART
། །		PUNCT
སྐྱེ་འགྲོ་	སྐྱེ་འགྲོ་	NOUN
ཀུན་	ཀུན་	DET
ལ་	ལ་	PART
ཕན་པ་	ཕན་པ་	VERB
འི་	གི་	PART
ཕྱི་	ཕྱི་	OTHER
"།
།"		PUNCT
ང་	ང་	PRON
ཡི་	གིས་	PART
ཚིག་དོན་	ཚིག་དོན་	NOUN
འདུས་པ་	འདུས་པ་	VERB
ར་	ལ་	PART
གསུངས་	གསུངས་	VERB
། །		PUNCT
འདི་	འདི་	DET
ལ་	ལ་	PART
བརྩོན་འགྲུས་	བརྩོན་འགྲུས་	NOUN
གུས་པ་	གུས་པ་	VERB
ར་	ལ་	PART
གྱིས་	གིས་	PART
། །		PUNCT
དགེ་བ་	དགེ་བ་	VERB
ཕུན་སུམ་	ཕུན་སུམ་	OTHER
ཚོགས་པ་	ཚོགས་པ་	VERB
ཡིན་	ཡིན་	NO_POS
"།
།"		PUNCT
དེ་ནས་	དེ་ནས་	NO_POS
མེ་ཕོ་	མེ་ཕོ་	OTHER
རྟ་	རྟ་	NOUN
ཡི་	གི་	PART
ལོ་	གོ་	PART
སྟོན་	སྟོན་	VERB
ཟླ་	ཟླ་	NOUN
ར་བ་	ར་བ་	NOUN
དང་	དང་	NO_POS
།		PUNCT
ས་ཕོ་	ས་ཕོ་	NO_POS
སྤྲེལ་	སྤྲེལ་	NO_POS
ལོ་	གོ་	PART
ལ་	ལ་	PART
ཡི་གེ་	ཡི་གེ་	NOUN
འདི་	འདི་	DET
ལ་	ལ་	PART
དད་པ་	དད་པ་	VERB
མེད་པ་	མེད་པ་	VERB
འི་	གི་	PART
མི་	མི་	PART
སྡིག་ཅན་	སྡིག་ཅན་	ADJ
ཐམས་ཅད་	ཐམས་ཅད་	DET
འཆི་བ་	འཆི་བ་	VERB
ར་	ལ་	PART
གྱུར་	གྱུར་	VERB
རོ་	རོ་	NOUN
"།
།"		PUNCT
ཡི་གེ་	ཡི་གེ་	NOUN
འདི་	འདི་	DET
འབྲི་	འབྲི་	VERB
འདོན་	འདོན་	VERB
བྱ་	བྱ་	VERB
ན་	ལ་	PART
མི་	མི་	PART
རྣམས་	རྣམས་	DET
ཚེ་རིང་བ་	ཚེ་རིང་བ་	NO_POS
དང་	དང་	NO_POS
།		PUNCT
ནད་མེད་པ་	ནད་མེད་པ་	ADJ
དང་	དང་	NO_POS
།		PUNCT
བསོད་ནམས་	བསོད་ནམས་	NOUN
ཆེ་བ་	ཆེ་བ་	VERB
ར་	ལ་	PART
འགྱུར་	འགྱུར་	VERB
རོ་	རོ་	NOUN
། །		PUNCT
དུས་	དུས་	NOUN
ངན་	ངན་	VERB
གནོད་	གནོད་	VERB
བྱེད་	བྱེད་	VERB
ཀུན་	ཀུན་	DET
ཀྱང་	ཀྱང་	PART
གྲོང་ཁྱེར་	གྲོང་ཁྱེར་	NOUN
ལ་	ལ་	PART
ཉུལ་བ་	ཉུལ་བ་	VERB
ར་	ལ་	PART
འོང་བ་	འོང་བ་	VERB
ཡིན་	ཡིན་	NO_POS
།		PUNCT
མི་	མི་	PART
ཡི་	གིས་	PART
མི་	མི་	PART
མཐོང་བ་	མཐོང་བ་	VERB
ར་	ལ་	PART
གང་	གང་	NO_POS
ཡོང་	ཡོང་	NO_POS
ཆ་མེད་	ཆ་མེད་	ADJ
དུ་	ལ་	PART
འགྲོ་	འགྲོ་	VERB
ཞིང་	ཅིང་	PART
གབ་	གབ་	NO_POS
།		PUNCT
དེ་	སྟེ་	PART
ཡི་	གི་	PART
དུས་	དུས་	NOUN
སུ་	ལ་	PART
ཆོ་	ཆོ་	NOUN
ཀྱི་	གི་	PART
ཡི་གེ་	ཡི་གེ་	NOUN
འདི་	འདི་	DET
འི་	གི་	PART
བྱིན་རླབས་	བྱིན་རླབས་	NOUN
ཀྱིས་	གིས་	PART
འདྲེ་གདོན་	འདྲེ་གདོན་	NOUN
གནོད་	གནོད་	VERB
བྱེད་	བྱེད་	VERB
ཐམས་ཅད་	ཐམས་ཅད་	DET
ཀྱང་	ཀྱང་	PART
འད་	འདའ་	VERB
ར་	ལ་	PART
ཞིང་	ཅིང་	PART
བྲོས་པ་	བྲོས་པ་	VERB
ར་	ལ་	PART
འགྱུར་	འགྱུར་	VERB
རོ་	རོ་	NOUN
"།
།"		PUNCT
ཡི་གེ་	ཡི་གེ་	NOUN
འདི་	འདི་	DET
རྒྱལ་ཁམས་	རྒྱལ་ཁམས་	NOUN
ཀུན་	ཀུན་	DET
ལ་	ལ་	PART
སྤེལ་བ་	སྤེལ་བ་	VERB
གལ་ཆེ་	གལ་ཆེ་	OTHER
འོ་	གོ་	PART
"།
།"		PUNCT
མི་	མི་	PART
བདེན་	བདེན་	VERB
བསམ་	བསམ་	NOUN
ན་	ནས་	PART
ཐེ་ཚོམ་	ཐེ་ཚོམ་	NOUN
མ་	མ་	PART
བྱེད་	བྱེད་	VERB
།		PUNCT
སངས་རྒྱས་	སངས་རྒྱས་	NOUN
རིག་པ་	རིག་པ་	VERB
དང་	དང་	NO_POS
ཞབས་	ཞབས་	NOUN
སུ་	ལ་	PART
ལྡན་པ་	ལྡན་པ་	VERB
བདེ་བ་	བདེ་བ་	VERB
ར་	ལ་	PART
གཤེགས་པ་	གཤེགས་པ་	VERB
།		PUNCT
འཇིག་རྟེན་	འཇིག་རྟེན་	NOUN
མཁྱེན་པ་	མཁྱེན་པ་	VERB
།		PUNCT
སྐྱེས་བུ་	སྐྱེས་བུ་	NOUN
འདུལ་བ་	འདུལ་བ་	VERB
།		PUNCT
ཁ་ལོ་	ཁ་ལོ་	NO_POS
བསྒྱུར་བ་	བསྒྱུར་བ་	VERB
།		PUNCT
བླ་	བླ་	NOUN
ན་	ལ་	PART
མེད་པ་	མེད་པ་	VERB
ལྷ་	ལྷ་	NOUN
དང་	དང་	NO_POS
མི་	མི་	PART
རྣམས་	རྣམས་	DET
ཀྱི་	གི་	PART
སྟོན་པ་	སྟོན་པ་	NOUN
སངས་རྒྱས་	སངས་རྒྱས་	NOUN
བཅོམ་ལྡན་འདས་	བཅོམ་ལྡན་འདས་	NOUN
དེ་	དེ་	DET
འི་	གི་	PART
ཆོ་	ཆོ་	NOUN
འདི་	འདི་	DET
ལ་མ་	ལ་མ་	NO_POS
དད་པ་	དད་པ་	VERB
རྣམས་	རྣམས་	DET
ནི་	ནི་	NO_POS
།		PUNCT
མེ་	མེ་	NOUN
རྟ་	རྟ་	NOUN
འི་	གི་	PART
ལོ་	གོ་	PART
ལ་	ལ་	PART
ས་འགུལ་	ས་འགུལ་	OTHER
ཆེན་པོ་	ཆེན་པོ་	ADJ
ནི་	ནི་	NO_POS
འབྱུང་	འབྱུང་	VERB
ངོ་	གོ་	PART
"།
།"		PUNCT
དེ་	དེ་	DET
འི་	གི་	PART
དུས་	དུས་	NOUN
སུ་	ལ་	PART
དུས་	དུས་	NOUN
ངན་	ངན་	VERB
ཤ་	ཤ་	VERB
ན་	ནས་	PART
མེ་མོ་	མེ་མོ་	NO_POS
ལུག་	ལུག་	NOUN
གི་	གི་	PART
ལོ་	གོ་	PART
ལ་	ལ་	PART
འགྲིལ་	འགྲིལ་	NO_POS
ན་	ནས་	PART
འཆི་	འཆི་	VERB
།		PUNCT
ལ་ལ་	ལ་ལ་	PRON
ནི་	ནི་	NO_POS
འགྲོ་	འགྲོ་	VERB
ལམ་	གམ་	PART
ན་	ནས་	PART
འཆི་	འཆི་	VERB
།		PUNCT
ལ་ལ་	ལ་ལ་	PRON
ནི་	ནི་	NO_POS
དྲན་པ་	དྲན་པ་	VERB
སྙིང་	སྙིང་	NOUN
ན་	ནས་	PART
འཆི་	འཆི་	VERB
།		PUNCT
ས་ཕོ་	ས་ཕོ་	NO_POS
སྤྲེལ་	སྤྲེལ་	NO_POS
གྱི་	གི་	PART
ལོ་	གོ་	PART
ལ་	ལ་	PART
ཆུ་	ཆུ་	NOUN
ཡི་	གི་	PART
འཇིགས་པ་	འཇིགས་པ་	VERB
འོང་	འོང་	VERB
།		PUNCT
དབྱར་	དབྱར་	ADV
ལ་	ལ་	PART
མུ་གེ་	མུ་གེ་	NOUN
དང་	དང་	NO_POS
ནད་	ནད་	NOUN
ཀྱིས་	གིས་	PART
འཆི་	འཆི་	VERB
།		PUNCT
དེ་	སྟེ་	PART
ཡི་	གི་	PART
དུས་	དུས་	NOUN
སུ་	ལ་	PART
གནོད་	གནོད་	VERB
རིགས་	རིགས་	NOUN
ཀྱིས་	གིས་	PART
རྒྱལ་ཁམས་	རྒྱལ་ཁམས་	NOUN
སུ་	ལ་	PART
བསྐོར་	བསྐོར་	VERB
།		PUNCT
ཆོ་	ཆོ་	NOUN
འདི་	འདི་	DET
འབྲི་	འབྲི་	VERB
འདོན་	འདོན་	VERB
བྱ་	བྱ་	VERB
ན་	ལ་	PART
གདོན་བགེགས་	གདོན་བགེགས་	NO_POS
ཐམས་ཅད་	ཐམས་ཅད་	DET
ཀྱིས་	གིས་	PART
མི་	མི་	PART
ཚུགས་	ཚུགས་	VERB
སོ་	གོ་	PART
"།
།"		PUNCT
ས་མོ་	ས་མོ་	NO_POS
བྱ་	བྱ་	VERB
ཡི་	གི་	PART
ལོ་	གོ་	PART
ལ་	ལ་	PART
གནོད་པ་	གནོད་པ་	VERB
མི་	མི་	PART
བྱེད་	བྱེད་	VERB
།		PUNCT
ཤ་ཁྲག་	ཤ་ཁྲག་	NOUN
མ་	མ་	PART
ཟ་	ཟ་	VERB
སྡོམ་པ་	སྡོམ་པ་	NOUN
སྲུང་བ་	སྲུང་བ་	VERB
གལ་ཆེ་	གལ་ཆེ་	OTHER
འོ་	གོ་	PART
། །		PUNCT
ལྕགས་ཕོ་	ལྕགས་ཕོ་	NO_POS
ཁྱི་	ཁྱི་	NOUN
ཡི་	གི་	PART
ལོ་	གོ་	PART
ལ་	ལ་	PART
སྟག་གཟིག་	སྟག་གཟིག་	PROPN
དོམ་	དོམ་	PROPN
དྲེད་	དྲེད་	VERB
འཕར་	འཕར་	NO_POS
སྦྱང་	སྦྱང་	VERB
སོགས་	སོགས་	DET
གཅན་ཟན་	གཅན་ཟན་	NO_POS
གྱིས་	གིས་	PART
རྒྱལ་ཁམས་	རྒྱལ་ཁམས་	NOUN
དང་	དང་	NO_POS
གྲོང་ཁྱེར་	གྲོང་ཁྱེར་	NOUN
ཐམས་ཅད་	ཐམས་ཅད་	DET
གང་	གང་	NO_POS
ན་	ནས་	PART
དེ་	སྟེ་	PART
ཡི་	གི་	PART
དུས་	དུས་	NOUN
སུ་	ལ་	PART
མི་	མི་	PART
རྣམས་	རྣམས་	DET
གྲོལ་བ་	གྲོལ་བ་	VERB
འི་	གི་	PART
ཐབས་	ཐབས་	NOUN
ཆོ་	ཆོ་	NOUN
འདི་	འདི་	DET
འབྲི་	འབྲི་	VERB
འདོན་	འདོན་	VERB
བྱེད་པ་	བྱེད་པ་	VERB
གལ་ཆེ་	གལ་ཆེ་	OTHER
འོ་	གོ་	PART
"།
།"		PUNCT
ལྕགས་མོ་	ལྕགས་མོ་	NO_POS
ལུག་	ལུག་	NOUN
གི་	གི་	PART
ལོ་	གོ་	PART
ལ་	ལ་	PART
འགྲོ་བ་	འགྲོ་བ་	VERB
སེམས་ཅན་	སེམས་ཅན་	NOUN
ཐམས་ཅད་	ཐམས་ཅད་	DET
ཤོག་	ཤོག་	VERB
སྐྱ་	སྐྱ་	VERB
རླུང་	རླུང་	NOUN
གིས་	གིས་	PART
བསྐྱོད་པ་	བསྐྱོད་པ་	VERB
ལྟ་	ལྟ་	OTHER
འདུག་པ་	འདུག་པ་	VERB
འི་	གི་	PART
རང་དབང་	རང་དབང་	NOUN
མེད་པ་	མེད་པ་	VERB
ར་	ལ་	PART
འོང་	འོང་	VERB
།		PUNCT
མཚོ་ཆེན་པོ་	མཚོ་ཆེན་པོ་	OTHER
འཕྱུར་པ་	འཕྱུར་པ་	NO_POS
དང་	དང་	NO_POS
འདྲ་	འདྲ་	VERB
འོ་	གོ་	PART
"།
།"		PUNCT
དེ་	སྟེ་	PART
ཡི་	གི་	PART
དུས་	དུས་	NOUN
སུ་	ལ་	PART
ཡི་གེ་	ཡི་གེ་	NOUN
འདི་	འདི་	DET
ལ་མ་	ལ་མ་	NO_POS
དད་པ་	དད་པ་	VERB
འི་	གི་	PART
མི་	མི་	PART
རྣམས་	རྣམས་	DET
འཆི་	འཆི་	VERB
འོ་	གོ་	PART
། །		PUNCT
དེ་ནས་	དེ་ནས་	NO_POS
བཅོམ་ལྡན་འདས་	བཅོམ་ལྡན་འདས་	NOUN
ཀྱིས་	གིས་	PART
ཐུགས་རྗེ་	ཐུགས་རྗེ་	NOUN
ཆེན་པོ་	ཆེན་པོ་	ADJ
ལ་	ལ་	PART
བཀའ་	བཀའ་	NOUN
སྩལ་པ་	སྩལ་པ་	VERB
།		PUNCT
བྱི་བ་	བྱི་བ་	NOUN
འི་	གི་	PART
ལོ་	ལོ་	NOUN
འི་	གི་	PART
ནང་	ནང་	NOUN
ན་	ནས་	PART
ནམ་མཁ་	ནམ་མཁའ་	NOUN
འི་	གི་	PART
དབྱིངས་	དབྱིངས་	NOUN
ན་	ནས་	PART
ཆོ་	ཆོ་	NOUN
ཀྱི་	གི་	PART
སྒྲ་སྙན་པ་	སྒྲ་སྙན་པ་	OTHER
ཞིག་	ཅིག་	PART
འོང་	འོང་	VERB
།		PUNCT
ཉི་ཟླ་	ཉི་ཟླ་	NOUN
འི་	གི་	PART
འོད་	འོད་	NOUN
བཞིན་	བཞིན་	NOUN
དུ་	ལ་	PART
སངས་རྒྱས་	སངས་རྒྱས་	NOUN
ཀྱི་	གི་	PART
བྱིན་རླབས་	བྱིན་རླབས་	NOUN
ནུས་མཐུ་	ནུས་མཐུ་	NOUN
ས་	གིས་	PART
ཕྱི་	ཕྱི་	OTHER
ཕྱོགས་	ཕྱོགས་	NOUN
བཞི་	བཞི་	NUM
མཚམས་	མཚམས་	NOUN
བརྒྱད་	བརྒྱད་	NUM
ཀུན་གསལ་བ་	ཀུན་གསལ་བ་	OTHER
འི་	གི་	PART
ཡི་གེ་	ཡི་གེ་	NOUN
འདི་	འདི་	DET
འབྲི་	འབྲི་	VERB
འདོན་	འདོན་	VERB
བྱ་	བྱ་	VERB
ན་	ལ་	PART
།		PUNCT
བྱམས་པ་	བྱམས་པ་	PROPN
མ་	མ་	PART
བྱོན་	བྱོན་	VERB
བ་	བ་	NOUN
དུ་	ལ་	PART
ཕན་པ་	ཕན་པ་	VERB
འི་	གི་	PART
ཡི་གེ་	ཡི་གེ་	NOUN
འདི་	འདི་	DET
ཡིན་	ཡིན་	NO_POS
ནོ་	གོ་	PART
། །		PUNCT
འདི་	འདི་	DET
འབྲི་	འབྲི་	VERB
འདོན་	འདོན་	VERB
བྱ་	བྱ་	VERB
ན་	ལ་	PART
།		PUNCT
བསོད་ནམས་	བསོད་ནམས་	NOUN
རི་བོ་	རི་བོ་	NOUN
ལྟ་བུ་	ལྟ་བུ་	NOUN
ཐོབ་	ཐོབ་	VERB
། །		PUNCT
རི་པོ་	རི་པོ་	NOUN
ཏཱ་ལ་	ཏཱ་ལ་	OTHER
འི་	གི་	PART
ཕོ་བྲང་	ཕོ་བྲང་	NOUN
ན་	ལ་	PART
། །		PUNCT
སངས་རྒྱས་	སངས་རྒྱས་	NOUN
གསུང་	གསུང་	VERB
གི་	གི་	PART
སྤྲུལ་བ་	སྤྲུལ་བ་	VERB
བཞུགས་	བཞུགས་	VERB
"།
།"		PUNCT
བྱང་ཆུབ་	བྱང་ཆུབ་	NOUN
སེམས་དཔ་	སེམས་དཔའ་	NOUN
འི་	གི་	PART
འཁོར་	འཁོར་	NOUN
གྱིས་	གིས་	PART
བསྐོར་	བསྐོར་	VERB
། །		PUNCT
སྟེང་འོག་	སྟེང་འོག་	NOUN
ཕྱོགས་	ཕྱོགས་	NOUN
བཅུ་	བཅུ་	NUM
མ་ལུས་པ་	མ་ལུས་པ་	OTHER
འི་	གི་	PART
། །		PUNCT
སྐྱེ་འགྲོ་	སྐྱེ་འགྲོ་	NOUN
སེམས་ཅན་	སེམས་ཅན་	NOUN
བདེ་	བདེ་	VERB
ལ་	ལ་	PART
བཀོད་	བཀོད་	VERB
"།
།"		PUNCT
ཡང་	ཀྱང་	PART
ཐུགས་རྗེ་	ཐུགས་རྗེ་	NOUN
ཆེན་པོ་	ཆེན་པོ་	ADJ
ས་	གིས་	PART
མི་	མི་	PART
རྣམས་	རྣམས་	DET
ཐམས་ཅད་	ཐམས་ཅད་	DET
སྙིང་	སྙིང་	NOUN
རེ་	རེ་	DET
རྗེ་	རྗེ་	NO_POS
དགོངས་	དགོངས་	VERB
ན་	ནས་	PART
འགྲོ་བ་	འགྲོ་བ་	VERB
སེམས་ཅན་	སེམས་ཅན་	NOUN
གྱི་	གི་	PART
དོན་	དོན་	NOUN
དུ་	ལ་	PART
སྤེལ་བ་	སྤེལ་བ་	VERB
ཡིན་	ཡིན་	NO_POS
།		PUNCT
མི་	མི་	PART
བདེན་	བདེན་	VERB
བསམ་	བསམ་	NOUN
ན་	ནས་	PART
ཐེ་ཚོམ་	ཐེ་ཚོམ་	NOUN
བྱ་	བྱ་	VERB
ན་	ལ་	PART
།		PUNCT
དབྱར་ཟླ་	དབྱར་ཟླ་	NOUN
ར་བ་	ར་བ་	NOUN
དང་	དང་	NO_POS
འབྲིང་པོ་	འབྲིང་པོ་	ADJ
གཉིས་	གཉིས་	NUM
ལ་	ལ་	PART
ནད་རིམས་	ནད་རིམས་	NO_POS
ཀྱི་	གི་	PART
བསྐལ་པ་	བསྐལ་པ་	NOUN
དར་བ་	དར་བ་	VERB
འོང་	འོང་	VERB
།		PUNCT
ནམ་	གམ་	PART
ལང་	ལང་	NO_POS
ན་	ནས་	PART
དགུང་	དགུང་	NOUN
མོ་	གོ་	PART
འཆི་	འཆི་	VERB
།		PUNCT
དེ་	དེ་	DET
འི་	གི་	PART
དུས་	དུས་	NOUN
སུ་	ལ་	PART
དུས་	དུས་	NOUN
ངན་	ངན་	VERB
གྱི་	གི་	PART
བསྐལ་པ་	བསྐལ་པ་	NOUN
ད་	ད་	NOUN
ན་	ནས་	PART
རྩི་ཤིང་	རྩི་ཤིང་	NOUN
ནགས་ཚལ་	ནགས་ཚལ་	NOUN
ཐམས་ཅད་	ཐམས་ཅད་	DET
ཀྱང་	ཀྱང་	PART
སྐེད་པ་	སྐེད་པ་	NO_POS
ནས་ཆག་	ནས་ཆག་	NO_POS
།		PUNCT
བྲག་རི་	བྲག་རི་	NOUN
ཐམས་ཅད་	ཐམས་ཅད་	DET
རྩ་བ་	རྩ་བ་	NOUN
ན་	ནས་	PART
ཞིག་	ཅིག་	PART
།		PUNCT
ས་གཞི་	ས་གཞི་	NOUN
ཐམས་ཅད་	ཐམས་ཅད་	DET
འད་	འདའ་	VERB
ར་	ལ་	PART
ན་	ནས་	PART
འདུག་	འདུག་	VERB
བཟོད་	བཟོད་	VERB
མེད་	མེད་	VERB
།		PUNCT
མི་	མི་	PART
བཅུ་	བཅུ་	NUM
འི་	གི་	PART
ནང་	ནང་	NOUN
ན་	ནས་	PART
གཅིག་	གཅིག་	NUM
ལས་མི་	ལས་མི་	NOUN
ལུས་	ལུས་	NOUN
།		PUNCT
མི་	མི་	PART
བདེན་	བདེན་	VERB
བསམ་	བསམ་	NOUN
ན་	ལ་	PART
བཅོམ་ལྡན་འདས་	བཅོམ་ལྡན་འདས་	NOUN
ཀྱི་	གི་	PART
བཀའ་	བཀའ་	NOUN
ཡིན་	ཡིན་	NO_POS
།		PUNCT
སེམས་ཅན་	སེམས་ཅན་	NOUN
ཐམས་ཅད་	ཐམས་ཅད་	DET
སྙིང་	སྙིང་	NOUN
རེ་	རེ་	DET
རྗེ་	རྗེ་	NO_POS
།		PUNCT
དེ་ནས་	དེ་ནས་	NO_POS
མེ་མོ་	མེ་མོ་	NO_POS
ལུག་	ལུག་	NOUN
གི་	གི་	PART
ལོ་	གོ་	PART
དང་	དང་	NO_POS
ས་ཕོ་	ས་ཕོ་	NO_POS
སྤྲེལ་	སྤྲེལ་	NO_POS
ལོ་	གོ་	PART
ལ་	ལ་	PART
ལྔ་	ལྔ་	NUM
བརྒྱ་	བརྒྱ་	NUM
འི་	གི་	PART
དུས་	དུས་	NOUN
ངན་	ངན་	VERB
འཆར་བ་	འཆར་བ་	VERB
ཡིན་	ཡིན་	NO_POS
།		PUNCT
ཕྱོགས་	ཕྱོགས་	NOUN
བཞི་	བཞི་	NUM
མཚམས་	མཚམས་	NOUN
བརྒྱད་	བརྒྱད་	NUM
ཀུན་	ཀུན་	DET
ན་	ནས་	PART
འཁྲུགས་པ་	འཁྲུགས་པ་	VERB
འོང་	འོང་	VERB
།		PUNCT
མི་	མི་	PART
རྣམས་	རྣམས་	DET
འཁྲུགས་	འཁྲུགས་	NO_POS
རྩོད་	རྩོད་	VERB
ནང་དམེ་	ནང་དམེ་	NO_POS
བྱེད་	བྱེད་	VERB
།		PUNCT
དུས་	དུས་	NOUN
ངན་རྟགས་	ངན་རྟགས་	NO_POS
ལ་	ལ་	ADP
ས་	གིས་	PART
ཐར་བ་	ཐར་བ་	VERB
འི་	གི་	PART
ཆོ་	ཆོ་	NOUN
འདི་	འདི་	DET
ནི་	ནི་	NO_POS
"།
།"		PUNCT
དད་པ་	དད་པ་	VERB
མཐོང་བ་	མཐོང་བ་	VERB
ཙམ་	ཙམ་	DET
གྱིས་	གིས་	PART
ཆོ་	ཆོ་	NOUN
འདི་	འདི་	DET
ནི་	ནི་	NO_POS
། །		PUNCT
འབྲི་	འབྲི་	VERB
འདོན་	འདོན་	VERB
དེ་ལྟ་	དེ་ལྟ་	NO_POS
བྱ་	བྱ་	VERB
ན་	ལ་	PART
འཁྲུགས་པ་	འཁྲུགས་པ་	VERB
འཇོམས་	འཇོམས་	NO_POS
། །		PUNCT
བདེ་བ་	བདེ་བ་	VERB
ར་	ལ་	PART
བྱེད་པ་	བྱེད་པ་	VERB
འི་	གི་	PART
ཡི་གེ་	ཡི་གེ་	NOUN
འདི་	འདི་	DET
།		PUNCT
འབྲི་	འབྲི་	VERB
འདོན་	འདོན་	VERB
བྱེད་	བྱེད་	VERB
ན་	ལ་	PART
དགེ་བ་	དགེ་བ་	VERB
དཔག་མེད་	དཔག་མེད་	ADJ
འགྲུབ་	འགྲུབ་	VERB
།		PUNCT
འཇིགས་སྐྲག་	འཇིགས་སྐྲག་	NOUN
ཀུན་	ཀུན་	DET
ལ་	ལ་	ADP
ས་	གིས་	PART
ཐ་	ཐ་	VERB
།		PUNCT
ཆོ་	ཆོ་	NOUN
ཀྱི་	གི་	PART
ཡི་གེ་	ཡི་གེ་	NOUN
འདི་	འདི་	DET
གཅིག་	གཅིག་	NUM
དང་	དང་	NO_POS
གཉིས་	གཉིས་	NUM
ཀྱི་	གི་	PART
དོན་	དོན་	NOUN
མ་	མ་	PART
ཡིན་	ཡིན་	NO_POS
།		PUNCT
འགྲོ་བ་	འགྲོ་བ་	VERB
སེམས་ཅན་	སེམས་ཅན་	NOUN
ཐམས་ཅད་	ཐམས་ཅད་	DET
ཀྱི་	གི་	PART
དོན་	དོན་	NOUN
དུ་	ལ་	PART
མཛད་པ་	མཛད་པ་	VERB
ཡིན་	ཡིན་	NO_POS
།		PUNCT
ཆོ་	ཆོ་	NOUN
ཀྱི་	གི་	PART
ཡི་གེ་	ཡི་གེ་	NOUN
འདི་	འདི་	DET
རྒྱལ་ཁམས་	རྒྱལ་ཁམས་	NOUN
ཡོངས་སུ་	ཡོངས་སུ་	NO_POS
ད་	ད་	NOUN
ན་	ལ་	PART
མི་	མི་	PART
རྣམས་	རྣམས་	DET
ཐམས་ཅད་	ཐམས་ཅད་	DET
ལ་	ལ་	PART
བདེ་སྐྱིད་	བདེ་སྐྱིད་	NOUN
བཟང་པོ་	བཟང་པོ་	ADJ
འོང་	འོང་	VERB
།		PUNCT
དགེ་བ་	དགེ་བ་	VERB
ཕུན་སུམ་	ཕུན་སུམ་	OTHER
ཚོགས་པ་	ཚོགས་པ་	VERB
ཡི་	གིས་	PART
།		PUNCT
སེམས་ཅན་	སེམས་ཅན་	NOUN
སྡུག་བསྔལ་	སྡུག་བསྔལ་	NOUN
མེད་པ་	མེད་པ་	VERB
ར་	ལ་	PART
མཛོད་	མཛོད་	NOUN
།		PUNCT
ཟླ་བ་	ཟླ་བ་	NOUN
ལྔ་	ལྔ་	NUM
དྲུག་	དྲུག་	NUM
ཡི་གེ་	ཡི་གེ་	NOUN
འདི་	འདི་	DET
རྗེས་སུ་	རྗེས་སུ་	OTHER
དྲན་པ་	དྲན་པ་	VERB
ར་	ལ་	PART
བྱ་	བྱ་	VERB
ན་	ནས་	PART
བརྩོན་པ་	བརྩོན་པ་	VERB
ར་	ལ་	PART
མ་	མ་	PART
གྱུར་	གྱུར་	VERB
ན་	ལ་	PART
ནད་རིམས་	ནད་རིམས་	NO_POS
ཀྱི་	གི་	PART
བསྐལ་པ་	བསྐལ་པ་	NOUN
འོང་	འོང་	VERB
།		PUNCT
ལ་ལ་	ལ་ལ་	PRON
ནི་	ནི་	NO_POS
ཚ་བ་	ཚ་བ་	VERB
འི་	གི་	PART
ནད་	ནད་	NOUN
ཀྱིས་	གིས་	PART
འཆི་	འཆི་	VERB
།		PUNCT
ལ་ལ་	ལ་ལ་	PRON
ནི་	ནི་	NO_POS
གྲང་བ་	གྲང་བ་	VERB
འི་	གི་	PART
ནད་	ནད་	NOUN
ཀྱིས་	གིས་	PART
འཆི་	འཆི་	VERB
།		PUNCT
ལ་ལ་	ལ་ལ་	PRON
ནི་	ནི་	NO_POS
སྨོས་	སྨོས་	VERB
ན་	ནས་	PART
ན་	ནས་	PART
འཆི་	འཆི་	VERB
།		PUNCT
ལ་ལ་	ལ་ལ་	PRON
ནི་	ནི་	NO_POS
ལྐོག་མ་	ལྐོག་མ་	NO_POS
ན་	ལ་	PART
ན་	ནས་	PART
འཆི་	འཆི་	VERB
།		PUNCT
ལ་ལ་	ལ་ལ་	PRON
ནི་	ནི་	NO_POS
སྙིང་	སྙིང་	NOUN
ན་	ལ་	PART
ན་	ནས་	PART
འཆི་	འཆི་	VERB
།		PUNCT
ལ་ལ་	ལ་ལ་	PRON
ནི་	ནི་	NO_POS
རྒྱུ་གཟེར་	རྒྱུ་གཟེར་	NO_POS
ནད་	ནད་	NOUN
ཀྱིས་	གིས་	PART
འཆི་	འཆི་	VERB
།		PUNCT
ལ་ལ་	ལ་ལ་	PRON
ནི་	ནི་	NO_POS
མཆིན་པ་	མཆིན་པ་	OTHER
འི་	གི་	PART
ནད་	ནད་	NOUN
ཀྱིས་	གིས་	PART
འཆི་	འཆི་	VERB
།		PUNCT
གདོན་	གདོན་	NOUN
དེ་	སྟེ་	PART
རྣམས་	རྣམས་	DET
ལ་	ལ་	ADP
འང་	ཀྱང་	PART
སྨན་	སྨན་	NOUN
ཡོད་	ཡོད་	VERB
དོ་	གོ་	PART
། །		PUNCT
དེ་	དེ་	DET
འི་	གི་	PART
ལུས་	ལུས་	NOUN
ལ་	ལ་	PART
རྟག་	རྟག་	VERB
བྱུང་	བྱུང་	VERB
ན་	ལ་	PART
རིགས་	རིགས་	NOUN
ཀྱི་	གི་	PART
བུ་	བུ་	NOUN
དང་	དང་	NO_POS
རིགས་	རིགས་	NOUN
ཀྱི་	གི་	PART
བུ་མོ་	བུ་མོ་	NOUN
གང་ལ་ལ་	གང་ལ་ལ་	NO_POS
ཞིག་	ཅིག་	PART
གིས་	གིས་	PART
བསྲུང་བ་	བསྲུང་བ་	VERB
འི་	གི་	PART
ཡི་གེ་	ཡི་གེ་	NOUN
འདི་	འདི་	DET
རྣམས་	རྣམས་	DET
ལུས་	ལུས་	NOUN
ལ་	ལ་	PART
འཆང་	འཆང་	NO_POS
ན་	ལ་	PART
།		PUNCT
ལྷ་	ལྷ་	NOUN
ཡི་	གི་	PART
གདོན་	གདོན་	NOUN
དང་	དང་	NO_POS
།		PUNCT
ཀླུ་	ཀླུ་	NOUN
ཡི་	གི་	PART
གདོན་	གདོན་	NOUN
དང་	དང་	NO_POS
།		PUNCT
འབྱུང་པོ་	འབྱུང་པོ་	NOUN
འི་	གི་	PART
གདོན་	གདོན་	NOUN
དང་	དང་	NO_POS
།		PUNCT
ནད་རིམས་	ནད་རིམས་	NO_POS
དེ་དག་	དེ་དག་	OTHER
ཐམས་ཅད་	ཐམས་ཅད་	DET
ལ་	ལ་	ADP
ས་	གིས་	PART
ཐར་བ་	ཐར་བ་	VERB
ར་	ལ་	PART
སྲུང་བ་	སྲུང་བ་	VERB
འི་	གི་	PART
སྔགས་	སྔགས་	NOUN
།		PUNCT
ཨེ་མ་ཧོ་	ཨེ་མ་ཧོ་	INTJ
།		PUNCT
ཕན་	ཕན་	NOUN
ནོ་	གོ་	PART
ཕན་	ཕན་	NOUN
ནོ་	གོ་	PART
སྭཱ་		NON_WORD
ཧཱ་		NON_WORD
།		PUNCT
ཕོ་	ཕོ་	NOUN
ཡི་	གི་	PART
གཡའ་	གཡའ་	NOUN
དང་	དང་	NO_POS
མོ་	གོ་	PART
ཡི་	གི་	PART
གཡོན་	གཡོན་	NOUN
དུ་	ལ་	PART
བཏག་	བཏག་	NO_POS
གོ་	གོ་	PART
།		PUNCT
དེ་ལྟ་	དེ་ལྟ་	NO_POS
བྱ་	བྱ་	VERB
ན་	ལ་	PART
ནད་རིམས་	ནད་རིམས་	NO_POS
ཐམས་ཅད་	ཐམས་ཅད་	DET
ལ་	ལ་	ADP
ས་	གིས་	PART
ཐ་	ཐ་	VERB
།		PUNCT
སྐྱེ་བ་	སྐྱེ་བ་	VERB
བཟང་པོ་	བཟང་པོ་	ADJ
ཐོབ་པ་	ཐོབ་པ་	VERB
ར་	ལ་	PART
འགྱུར་	འགྱུར་	VERB
།		PUNCT
འབྲི་	འབྲི་	VERB
འདོན་	འདོན་	VERB
དད་པ་	དད་པ་	VERB
བྱ་	བྱ་	VERB
ན་	ལ་	PART
།		PUNCT
འཁོར་བ་	འཁོར་བ་	NOUN
སྡུག་བསྔལ་	སྡུག་བསྔལ་	NOUN
ཁྲག་	ཁྲག་	NOUN
གི་	གི་	PART
རྒྱ་མཚོ་	རྒྱ་མཚོ་	NOUN
ལ་	ལ་	ADP
ས་	གིས་	PART
ཐར་བ་	ཐར་བ་	VERB
ར་	ལ་	PART
ཐེ་ཚོམ་	ཐེ་ཚོམ་	NOUN
མེད་	མེད་	VERB
དོ་	གོ་	PART
"།
།"		PUNCT
གནམ་ས་	གནམ་ས་	NOUN
འི་	གི་	PART
བ་	བ་	NOUN
གྱི་	གི་	PART
མི་	མི་	PART
རྣམས་	རྣམས་	DET
ཐམས་ཅད་	ཐམས་ཅད་	DET
སྙིང་	སྙིང་	NOUN
རེ་	རེ་	DET
རྗེ་	རྗེ་	NO_POS
།		PUNCT
མི་	མི་	PART
རྣམས་	རྣམས་	DET
དུས་	དུས་	NOUN
མིན་	མིན་	AUX
འཆི་བ་	འཆི་བ་	VERB
འི་	གི་	PART
ནད་	ནད་	NOUN
ཐམས་ཅད་	ཐམས་ཅད་	DET
རབ་ཏུ་	རབ་ཏུ་	NO_POS
ཞི་བ་	ཞི་བ་	VERB
ར་	ལ་	PART
འགྱུར་	འགྱུར་	VERB
རོ་	རོ་	NOUN
"།
།"		PUNCT
སྔོན་	སྔོན་	ADV
གྱི་	གི་	PART
བསྐལ་པ་	བསྐལ་པ་	NOUN
བཟང་པོ་	བཟང་པོ་	ADJ
དང་	དང་	NO_POS
ལྡན་པ་	ལྡན་པ་	VERB
ར་	ལ་	PART
གྱུར་ཅིག་	གྱུར་ཅིག་	NO_POS
།		PUNCT
བསོད་ནམས་	བསོད་ནམས་	NOUN
དཔག་	དཔག་	VERB
ཏུ་	ལ་	PART
མེད་པ་	མེད་པ་	VERB
དང་	དང་	NO_POS
ལྡན་པ་	ལྡན་པ་	VERB
ཐོབ་པ་	ཐོབ་པ་	VERB
ར་	ལ་	PART
གྱུར་	གྱུར་	VERB
།		PUNCT
སྔོན་	སྔོན་	ADV
ཡང་	ཀྱང་	PART
ཆོ་	ཆོ་	NOUN
ཀྱི་	གི་	PART
ཡི་གེ་	ཡི་གེ་	NOUN
འདི་	འདི་	DET
ལ་མ་	ལ་མ་	NO_POS
དད་པ་	དད་པ་	VERB
འི་	གི་	PART
འགྲོ་བ་	འགྲོ་བ་	VERB
ཀུན་	ཀུན་	DET
ལ་	ལ་	PART
ཐར་བ་	ཐར་བ་	VERB
འི་	གི་	PART
དུས་	དུས་	NOUN
མེད་	མེད་	VERB
།		PUNCT
གྲོང་ཁྱེར་	གྲོང་ཁྱེར་	NOUN
ལ་	ལ་	PART
ཡང་	ཀྱང་	PART
གདོན་	གདོན་	NOUN
རིགས་	རིགས་	NOUN
ཀྱིས་	གིས་	PART
གང་	གང་	NO_POS
ན་	ནས་	PART
འོང་	འོང་	VERB
།		PUNCT
དེ་	དེ་	DET
འི་	གི་	PART
དུས་	དུས་	NOUN
སུ་	ལ་	PART
འབྲུ་	འབྲུ་	NOUN
བཅུད་	བཅུད་	NOUN
ཡོད་	ཡོད་	VERB
ཀྱང་	ཀྱང་	PART
ཟ་	ཟ་	VERB
དབང་མེད་	དབང་མེད་	ADJ
།		PUNCT
དེ་ནས་	དེ་ནས་	NO_POS
ཐུགས་རྗེ་	ཐུགས་རྗེ་	NOUN
ཆེན་པོ་	ཆེན་པོ་	ADJ
འཕགས་པ་	འཕགས་པ་	VERB
སྤྱན་རས་	སྤྱན་རས་	NO_POS
གཟིགས་	གཟིགས་	VERB
དབང་ཕྱུག་	དབང་ཕྱུག་	NOUN
གིས་	གིས་	PART
སེམས་ཅན་	སེམས་ཅན་	NOUN
གྱི་	གི་	PART
རྒྱུད་	རྒྱུད་	NOUN
ལ་	ལ་	PART
སྙིང་རྗེ་	སྙིང་རྗེ་	NOUN
སྐྱེ་བ་	སྐྱེ་བ་	VERB
འི་	གི་	PART
དོན་	དོན་	NOUN
དུ་	ལ་	PART
གསུངས་པ་	གསུངས་པ་	VERB
འི་	གི་	PART
ཡན་ལག་	ཡན་ལག་	NOUN
འདི་	འདི་	DET
གསུངས་	གསུངས་	VERB
སོ་	གོ་	PART
"།
།"		PUNCT
བཅོམ་ལྡན་འདས་	བཅོམ་ལྡན་འདས་	NOUN
ཁྱེད་	ཁྱེད་	PRON
ཀྱི་	གི་	PART
ཡི་གེ་	ཡི་གེ་	NOUN
འདི་ཉིད་	འདི་ཉིད་	OTHER
ཀྱིས་	གིས་	PART
བྱིན་	བྱིན་	VERB
གྱིས་	གིས་	PART
བརླབ་	བརླབ་	NO_POS
ཏུ་	ལ་	PART
གསོལ་	གསོལ་	VERB
།		PUNCT
དབང་	དབང་	NOUN
དུ་	ལ་	PART
བསྡུས་པ་	བསྡུས་པ་	VERB
འི་	གི་	PART
རབ་གནས་	རབ་གནས་	NOUN
མཛད་	མཛད་	VERB
དུ་	ལ་	PART
གསོལ་	གསོལ་	VERB
།		PUNCT
ཡང་	ཀྱང་	PART
བཅོམ་ལྡན་འདས་	བཅོམ་ལྡན་འདས་	NOUN
ཀྱིས་	གིས་	PART
བཀའ་	བཀའ་	NOUN
སྩལ་པ་	སྩལ་པ་	VERB
།		PUNCT
ཡི་གེ་	ཡི་གེ་	NOUN
འདི་	འདི་	DET
ལ་མོ་	ལ་མོ་	OTHER
ས་	གིས་	PART
གུ་	གུ་	VERB
དང་	དང་	NO_POS
དད་པ་	དད་པ་	VERB
བསྙེན་བཀུར་	བསྙེན་བཀུར་	NOUN
བྱ་	བྱ་	VERB
ན་	ལ་	PART
དུས་	དུས་	NOUN
ངན་	ངན་	VERB
ཐམས་ཅད་	ཐམས་ཅད་	DET
ཟད་	ཟད་	VERB
དོ་	གོ་	PART
། །		PUNCT
ནད་རིམས་	ནད་རིམས་	NO_POS
ཀུན་	ཀུན་	DET
ལ་	ལ་	ADP
ས་	གིས་	PART
ཐར་བ་	ཐར་བ་	VERB
འི་	གི་	PART
བསོད་ནམས་	བསོད་ནམས་	NOUN
དཔག་	དཔག་	VERB
ཏུ་	ལ་	PART
མེད་པ་	མེད་པ་	VERB
ཐོབ་	ཐོབ་	VERB
།		PUNCT
ས་	ས་	ADP
ཡི་	གི་	PART
སྟེང་	སྟེང་	NOUN
གི་	གི་	PART
མི་	མི་	PART
རྣམས་	རྣམས་	DET
ཀུན་	ཀུན་	DET
།		PUNCT
དུས་	དུས་	NOUN
ངན་	ངན་	VERB
མཚོན་	མཚོན་	NOUN
འཁྲུགས་	འཁྲུགས་	NO_POS
ནད་ཡམས་	ནད་ཡམས་	OTHER
མི་	མི་	PART
བདེ་བ་	བདེ་བ་	VERB
ཐམས་ཅད་	ཐམས་ཅད་	DET
ལ་	ལ་	ADP
ས་	གིས་	PART
ཐ་	ཐ་	VERB
ན་	ནས་	PART
སྔོན་	སྔོན་	ADV
གྱི་	གི་	PART
བསྐལ་པ་	བསྐལ་པ་	NOUN
བཟང་པོ་	བཟང་པོ་	ADJ
དང་	དང་	NO_POS
འཕྲད་པ་	འཕྲད་པ་	VERB
ར་	ལ་	PART
གྱུར་ཅིག་	གྱུར་ཅིག་	NO_POS
།		PUNCT
ཅེས་	ཅེས་	PART
སྨོན་ལམ་	སྨོན་ལམ་	NOUN
བཏབ་པ་	བཏབ་པ་	VERB
བཞིན་	བཞིན་	NOUN
དུ་	ལ་	PART
དགེ་བ་	དགེ་བ་	VERB
འི་	གི་	PART
ཕྱི་	ཕྱི་	OTHER
ཁྱད་པར་	ཁྱད་པར་	NOUN
དུ་	ལ་	PART
རྟ་ཟླ་	རྟ་ཟླ་	NO_POS
དང་	དང་	NO_POS
ཡོས་ཟླ་	ཡོས་ཟླ་	NO_POS
གཉིས་	གཉིས་	NUM
ལ་	ལ་	PART
འདོན་	འདོན་	VERB
ན་	ལ་	PART
ཕན་པ་	ཕན་པ་	VERB
འི་	གི་	PART
ཡོན་ཏན་	ཡོན་ཏན་	NOUN
བསམ་	བསམ་	NOUN
གྱིས་	གིས་	PART
མི་	མི་	PART
ཁྱབ་པ་	ཁྱབ་པ་	VERB
ཡོད་	ཡོད་	VERB
དེ་	སྟེ་	PART
།		PUNCT
ཡི་གེ་	ཡི་གེ་	NOUN
འདི་	འདི་	DET
བྲི་	བྲི་	NO_POS
འདོན་	འདོན་	VERB
བྱ་	བྱ་	VERB
ན་	ལ་	PART
མི་	མི་	PART
རྣམས་	རྣམས་	DET
ཚེ་རིང་བ་	ཚེ་རིང་བ་	NO_POS
དང་	དང་	NO_POS
།		PUNCT
ནད་མེད་པ་	ནད་མེད་པ་	ADJ
དང་	དང་	NO_POS
བདེ་སྐྱིད་	བདེ་སྐྱིད་	NOUN
དང་	དང་	NO_POS
ལྡན་པ་	ལྡན་པ་	VERB
ར་	ལ་	PART
འགྱུར་	འགྱུར་	VERB
།		PUNCT
ཆ་	ཆ་	NOUN
གཅིག་	གཅིག་	NUM
བྲིས་	བྲིས་	VERB
ན་	ལ་	PART
བསྐལ་པ་	བསྐལ་པ་	NOUN
ངན་པ་	ངན་པ་	VERB
འི་	གི་	PART
གནོད་	གནོད་	VERB
བྱེད་	བྱེད་	VERB
ཐམས་ཅད་	ཐམས་ཅད་	DET
རང་ས་	རང་ས་	OTHER
ར་	ལ་	PART
ཞི་	ཞི་	VERB
འོ་	གོ་	PART
"།
།"		PUNCT
སྔོན་བྱུང་	སྔོན་བྱུང་	OTHER
འབྲུག་ལོ་	འབྲུག་ལོ་	NO_POS
ལ་	ལ་	PART
གཅིག་	གཅིག་	NUM
ད་	ད་	NOUN
།		PUNCT
འཇིག་རྟེན་	འཇིག་རྟེན་	NOUN
ཁམས་	ཁམས་	NOUN
སུ་	ལ་	PART
དར་མ་	དར་མ་	PROPN
ཐུབ་པ་	ཐུབ་པ་	VERB
ར་	ལ་	PART
སྣང་	སྣང་	VERB
།		PUNCT
དུས་	དུས་	NOUN
ངན་	ངན་	VERB
ཤ་	ཤ་	VERB
སྟོབས་	སྟོབས་	NOUN
དེ་ལས་	དེ་ལས་	NO_POS
བྱུང་	བྱུང་	VERB
།		PUNCT
དེ་	སྟེ་	PART
ཡི་	གི་	PART
རྗེས་སུ་	རྗེས་སུ་	OTHER
མེ་ཕོ་	མེ་ཕོ་	OTHER
རྟ་	རྟ་	NOUN
ཡི་	གི་	PART
ལོ་	གོ་	PART
ལ་	ལ་	PART
ཆོ་	ཆོ་	NOUN
ཀྱི་	གི་	PART
ཡི་གེ་	ཡི་གེ་	NOUN
འདི་	འདི་	DET
སྤེལ་བ་	སྤེལ་བ་	VERB
ཡིན་	ཡིན་	NO_POS
།		PUNCT
ཆོ་	ཆོ་	NOUN
ཀྱི་	གི་	PART
ཡི་གེ་	ཡི་གེ་	NOUN
འདི་དུས་	འདི་དུས་	NO_POS
ངན་	ངན་	VERB
བཟློག་པ་	བཟློག་པ་	VERB
འི་	གི་	PART
ཐབས་	ཐབས་	NOUN
ཡིན་	ཡིན་	NO_POS
།		PUNCT
རྒྱལ་ཁམས་	རྒྱལ་ཁམས་	NOUN
ཀུན་	ཀུན་	DET
ལ་ད་	ལ་ད་	PROPN
ར་	ལ་	PART
མ་	མ་	PART
ཐུབ་	ཐུབ་	VERB
ན་	ལ་	PART
ལོ་ཏོག་	ལོ་ཏོག་	NOUN
བཙའ་	བཙའ་	NO_POS
སད་	སད་	VERB
སེ་	སེ་	NO_POS
ར་	ལ་	PART
གསུམ་	གསུམ་	NUM
གྱིས་	གིས་	PART
ཁྱེ་	ཁྱེ་	VERB
།		PUNCT
གཉིས་པ་	གཉིས་པ་	NUM
མུ་གེ་	མུ་གེ་	NOUN
ངན་པ་	ངན་པ་	VERB
འོང་	འོང་	VERB
།		PUNCT
ནད་ངོ་	ནད་ངོ་	NO_POS
ས་	གིས་	PART
མི་	མི་	PART
ཟིན་པ་	ཟིན་པ་	VERB
འི་	གི་	PART
རིམས་ནད་	རིམས་ནད་	NOUN
འོང་	འོང་	VERB
ན་	ནས་	PART
སྡུག་བསྔལ་	སྡུག་བསྔལ་	NOUN
ཞིང་	ཅིང་	PART
ཡིད་	ཡིད་	NOUN
མི་	མི་	PART
བདེ་བ་	བདེ་བ་	VERB
འོང་	འོང་	VERB
།		PUNCT
འདི་	འདི་	DET
འབྲི་	འབྲི་	VERB
འདོན་	འདོན་	VERB
བྱ་	བྱ་	VERB
ན་	ལ་	PART
སྡུག་བསྔལ་	སྡུག་བསྔལ་	NOUN
ཀུན་	ཀུན་	DET
ལ་	ལ་	ADP
ས་	གིས་	PART
ཐར་བ་	ཐར་བ་	VERB
ར་	ལ་	PART
ཐེ་ཚོམ་	ཐེ་ཚོམ་	NOUN
མེད་	མེད་	VERB
དོ་	གོ་	PART
"།
།"		PUNCT
རྒྱལ་བ་	རྒྱལ་བ་	NOUN
བྱམས་པ་	བྱམས་པ་	PROPN
མགོན་པོ་	མགོན་པོ་	NOUN
འཇིག་རྟེན་	འཇིག་རྟེན་	NOUN
ཁམས་	ཁམས་	NOUN
སུ་	ལ་	PART
མ་	མ་	PART
བྱོན་	བྱོན་	VERB
གྱི་	གི་	PART
བ་	བ་	NOUN
དུ་	ལ་	PART
འགྲོ་བ་	འགྲོ་བ་	VERB
འི་	གི་	PART
སྐྱབས་	སྐྱབས་	NOUN
བྱེད་པ་	བྱེད་པ་	VERB
འི་	གི་	PART
ཆོ་	ཆོ་	NOUN
ཀྱི་	གི་	PART
ཡི་གེ་	ཡི་གེ་	NOUN
འདི་	འདི་	DET
ཡིན་	ཡིན་	NO_POS
ནོ་	གོ་	PART
"།
།"		PUNCT
འདི་	འདི་	DET
ལ་	ལ་	PART
དད་པ་	དད་པ་	VERB
དང་	དང་	NO_POS
མོས་གུས་	མོས་གུས་	NOUN
བྱ་	བྱ་	VERB
ན་	ལ་	PART
སྡིག་སྒྲིབ་	སྡིག་སྒྲིབ་	NOUN
དང་	དང་	NO_POS
བག་ཆགས་	བག་ཆགས་	NOUN
ཐམས་ཅད་	ཐམས་ཅད་	DET
བྱང་	བྱང་	NOUN
ཞིང་	ཅིང་	PART
དག་པ་	དག་པ་	VERB
འི་	གི་	PART
རྒྱུ་	རྒྱུ་	NOUN
ར་	ལ་	PART
གྱུར་ཅིག་	གྱུར་ཅིག་	NO_POS
།		PUNCT
ལོ་འབྲས་	ལོ་འབྲས་	NO_POS
རྟག་	རྟག་	VERB
ཏུ་	ལ་	PART
ལེགས་པ་	ལེགས་པ་	VERB
ར་	ལ་	PART
གྱུར་ཅིག་	གྱུར་ཅིག་	NO_POS
།		PUNCT
དགེ་བ་	དགེ་བ་	VERB
ཕུན་སུམ་	ཕུན་སུམ་	OTHER
ཚོགས་པ་	ཚོགས་པ་	VERB
ར་	ལ་	PART
གྱུར་ཅིག་	གྱུར་ཅིག་	NO_POS
།		PUNCT
ནོར་བུ་	ནོར་བུ་	NOUN
ས་	གིས་	PART
དགོས་འདོད་	དགོས་འདོད་	NOUN
འབྱུང་བ་	འབྱུང་བ་	VERB
ར་	ལ་	PART
གྱུར་ཅིག་	གྱུར་ཅིག་	NO_POS
།		PUNCT
འདི་	འདི་	DET
ར་	ལ་	PART
བཞུགས་	བཞུགས་	VERB
རྒྱལ་ཁམས་	རྒྱལ་ཁམས་	NOUN
ཐམས་ཅད་	ཐམས་ཅད་	DET
བཀྲ་ཤིས་པ་	བཀྲ་ཤིས་པ་	NOUN
ར་	ལ་	PART
གྱུར་ཅིག་	གྱུར་ཅིག་	NO_POS
།		PUNCT
ས་ཕྱོགས་	ས་ཕྱོགས་	NOUN
སུ་	ལ་	PART
བྱིན་	བྱིན་	VERB
ཆགས་པ་	ཆགས་པ་	VERB
ར་	ལ་	PART
གྱུར་ཅིག་	གྱུར་ཅིག་	NO_POS
།		PUNCT
རྒྱལ་ཁམས་	རྒྱལ་ཁམས་	NOUN
ལ་	ལ་	PART
ནད་	ནད་	NOUN
མུག་	མུག་	VERB
མཚོན་	མཚོན་	NOUN
འཁྲུག་	འཁྲུག་	VERB
ཉེ་བ་		
ཞི་	ཞི་	VERB
ན་	ནས་	PART
ལོ་ཏོག་	ལོ་ཏོག་	NOUN
ཕུན་སུམ་	ཕུན་སུམ་	OTHER
ཚོགས་	ཚོགས་	NOUN
།		PUNCT
ཆ་	ཆ་	NOUN
ར་	ལ་	PART
འབེབ་		NON_WORD
ཅིང་	ཅིང་	PART
བསམ་དོན་	བསམ་དོན་	OTHER
ལྷུན་གྲུབ་	ལྷུན་གྲུབ་	OTHER
ཤོག་	ཤོག་	VERB
།		PUNCT
རྒྱལ་བ་	རྒྱལ་བ་	NOUN
འི་	གི་	PART
ཞིང་ཁམས་	ཞིང་ཁམས་	NOUN
དཔལ་འབྱོར་	དཔལ་འབྱོར་	OTHER
དར་རྒྱས་	དར་རྒྱས་	NOUN
ཤོག་	ཤོག་	VERB
།		PUNCT
ཆོས་འཁོར་	ཆོས་འཁོར་	NOUN
བསྐོར་	བསྐོར་	VERB
ཞིང་	ཅིང་	PART
རྟག་	རྟག་	VERB
ཏུ་	ལ་	PART
བརྟན་	བརྟན་	VERB
གྱུར་ཅིག་	གྱུར་ཅིག་	NO_POS
།		PUNCT
དེ་ནས་	དེ་ནས་	NO_POS
བཅོམ་ལྡན་འདས་	བཅོམ་ལྡན་འདས་	NOUN
ཀྱིས་	གིས་	PART
དེ་སྐད་	དེ་སྐད་	NO_POS
ཅེས་	ཅེས་	PART
བཀའ་	བཀའ་	NOUN
སྩལ་	སྩལ་	VERB
ན་	ནས་	PART
ཐུགས་རྗེ་	ཐུགས་རྗེ་	NOUN
ཆེན་པོ་	ཆེན་པོ་	ADJ
དང་	དང་	NO_POS
།		PUNCT
བྱམས་པ་	བྱམས་པ་	PROPN
དང་	དང་	NO_POS
ཀུན་དགའ་བོ་	ཀུན་དགའ་བོ་	PROPN
དང་	དང་	NO_POS
ལྷ་	ལྷ་	NOUN
དང་	དང་	NO_POS
མི་	མི་	PART
དང་	དང་	NO_POS
ལྷ་མ་	ལྷ་མ་	PROPN
ཡིན་	ཡིན་	NO_POS
དང་	དང་	NO_POS
དྲི་ཟ་	དྲི་ཟ་	NOUN
ར་	ལ་	PART
བཅས་པ་	བཅས་པ་	VERB
འི་	གི་	PART
འཇིག་རྟེན་	འཇིག་རྟེན་	NOUN
ཡི་	གི་	PART
རངས་	རངས་	NO_POS
ཏེ་	སྟེ་	PART
བཅོམ་ལྡན་འདས་	བཅོམ་ལྡན་འདས་	NOUN
ཀྱིས་	གིས་	PART
གསུངས་པ་	གསུངས་པ་	VERB
ལ་	ལ་	PART
མངོན་པ་	མངོན་པ་	OTHER
བསྟོད་	བསྟོད་	VERB
དོ་	གོ་	PART
"།
།"		PUNCT
མ་འོངས་	མ་འོངས་	NOUN
ལུང་བསྟན་	ལུང་བསྟན་	NOUN
གསལ་བྱེད་	གསལ་བྱེད་	NOUN
སྒྲོན་མེ་	སྒྲོན་མེ་	NOUN
ཞེ་	ཅེས་	PART
བྱ་བ་	བྱ་བ་	VERB
རྫོགས་	རྫོགས་	VERB
སོ་	གོ་	PART
"།
།"		PUNCT
